product_id,merchant_id,competitor,competitor_price,merchant_price,date
P0001,M006,CompA,278.15,276.54,2025-11-19
P0001,M006,CompB,258.59,276.54,2025-11-19
P0001,M006,CompC,261.41,276.54,2025-11-19
P0001,M005,CompA,236.4,211.64,2025-11-19
P0001,M005,CompB,200.07,211.64,2025-11-19
P0001,M005,CompC,270.98,211.64,2025-11-19
P0001,M009,CompA,199.03,258.14,2025-11-19
P0001,M009,CompB,283.22,258.14,2025-11-19
P0001,M009,CompC,258.58,258.14,2025-11-19
P0001,M001,CompA,198.99,242.61,2025-11-19
P0001,M001,CompB,221.74,242.61,2025-11-19
P0001,M001,CompC,273.29,242.61,2025-11-19
P0001,M004,CompA,288.4,215.03,2025-11-19
P0001,M004,CompB,258.15,215.03,2025-11-19
P0001,M004,CompC,237.73,215.03,2025-11-19
P0001,M012,CompA,230.73,221.66,2025-11-19
P0001,M012,CompB,221.71,221.66,2025-11-19
P0001,M012,CompC,241.73,221.66,2025-11-19
P0002,M003,CompA,276.54,309.67,2025-11-19
P0002,M003,CompB,244.21,309.67,2025-11-19
P0002,M003,CompC,289.08,309.67,2025-11-19
P0002,M010,CompA,325.45,291.91,2025-11-19
P0002,M010,CompB,274.03,291.91,2025-11-19
P0002,M010,CompC,303.97,291.91,2025-11-19
P0002,M012,CompA,265.72,286.07,2025-11-19
P0002,M012,CompB,244.85,286.07,2025-11-19
P0002,M012,CompC,239.99,286.07,2025-11-19
P0002,M007,CompA,303.23,327.66,2025-11-19
P0002,M007,CompB,327.45,327.66,2025-11-19
P0002,M007,CompC,261.63,327.66,2025-11-19
P0002,M004,CompA,330.84,297.26,2025-11-19
P0002,M004,CompB,265.75,297.26,2025-11-19
P0002,M004,CompC,249.43,297.26,2025-11-19
P0002,M001,CompA,331.64,303.22,2025-11-19
P0002,M001,CompB,321.3,303.22,2025-11-19
P0002,M001,CompC,320.97,303.22,2025-11-19
P0003,M007,CompA,273.85,259.68,2025-11-19
P0003,M007,CompB,277.81,259.68,2025-11-19
P0003,M007,CompC,271.38,259.68,2025-11-19
P0003,M011,CompA,232.73,292.56,2025-11-19
P0003,M011,CompB,248.26,292.56,2025-11-19
P0003,M011,CompC,245.31,292.56,2025-11-19
P0003,M010,CompA,276.52,198.66,2025-11-19
P0003,M010,CompB,263.24,198.66,2025-11-19
P0003,M010,CompC,225.94,198.66,2025-11-19
P0003,M012,CompA,229.11,266.12,2025-11-19
P0003,M012,CompB,259.59,266.12,2025-11-19
P0003,M012,CompC,284.02,266.12,2025-11-19
P0003,M005,CompA,272.99,283.69,2025-11-19
P0003,M005,CompB,256.92,283.69,2025-11-19
P0003,M005,CompC,289.92,283.69,2025-11-19
P0003,M006,CompA,292.96,277.26,2025-11-19
P0003,M006,CompB,225.09,277.26,2025-11-19
P0003,M006,CompC,216.93,277.26,2025-11-19
P0004,M005,CompA,70.28,54.12,2025-11-19
P0004,M005,CompB,69.19,54.12,2025-11-19
P0004,M005,CompC,55.3,54.12,2025-11-19
P0004,M006,CompA,58.96,64.21,2025-11-19
P0004,M006,CompB,53.05,64.21,2025-11-19
P0004,M006,CompC,59.43,64.21,2025-11-19
P0004,M007,CompA,58.27,65.75,2025-11-19
P0004,M007,CompB,69.8,65.75,2025-11-19
P0004,M007,CompC,58.85,65.75,2025-11-19
P0004,M011,CompA,57.96,54.16,2025-11-19
P0004,M011,CompB,71.31,54.16,2025-11-19
P0004,M011,CompC,62.19,54.16,2025-11-19
P0004,M002,CompA,64.9,68.68,2025-11-19
P0004,M002,CompB,73.54,68.68,2025-11-19
P0004,M002,CompC,52.62,68.68,2025-11-19
P0004,M003,CompA,62.91,69.23,2025-11-19
P0004,M003,CompB,71.7,69.23,2025-11-19
P0004,M003,CompC,60.06,69.23,2025-11-19
P0005,M004,CompA,150.58,103.82,2025-11-19
P0005,M004,CompB,114.35,103.82,2025-11-19
P0005,M004,CompC,117.53,103.82,2025-11-19
P0005,M009,CompA,136.19,121.77,2025-11-19
P0005,M009,CompB,153.23,121.77,2025-11-19
P0005,M009,CompC,130.53,121.77,2025-11-19
P0005,M001,CompA,143.58,117.08,2025-11-19
P0005,M001,CompB,146.78,117.08,2025-11-19
P0005,M001,CompC,132.05,117.08,2025-11-19
P0005,M002,CompA,116.34,132.98,2025-11-19
P0005,M002,CompB,139.48,132.98,2025-11-19
P0005,M002,CompC,107.64,132.98,2025-11-19
P0005,M005,CompA,145.88,114.91,2025-11-19
P0005,M005,CompB,115.93,114.91,2025-11-19
P0005,M005,CompC,146.05,114.91,2025-11-19
P0005,M003,CompA,146.0,125.83,2025-11-19
P0005,M003,CompB,111.86,125.83,2025-11-19
P0005,M003,CompC,138.46,125.83,2025-11-19
P0006,M009,CompA,317.76,247.13,2025-11-19
P0006,M009,CompB,257.92,247.13,2025-11-19
P0006,M009,CompC,222.38,247.13,2025-11-19
P0006,M002,CompA,256.86,226.15,2025-11-19
P0006,M002,CompB,219.95,226.15,2025-11-19
P0006,M002,CompC,251.63,226.15,2025-11-19
P0006,M001,CompA,238.1,291.32,2025-11-19
P0006,M001,CompB,288.09,291.32,2025-11-19
P0006,M001,CompC,282.94,291.32,2025-11-19
P0006,M003,CompA,289.81,231.23,2025-11-19
P0006,M003,CompB,253.91,231.23,2025-11-19
P0006,M003,CompC,231.76,231.23,2025-11-19
P0006,M010,CompA,279.03,245.09,2025-11-19
P0006,M010,CompB,235.67,245.09,2025-11-19
P0006,M010,CompC,303.21,245.09,2025-11-19
P0006,M006,CompA,248.41,236.31,2025-11-19
P0006,M006,CompB,293.34,236.31,2025-11-19
P0006,M006,CompC,279.82,236.31,2025-11-19
P0007,M004,CompA,176.94,163.76,2025-11-19
P0007,M004,CompB,139.93,163.76,2025-11-19
P0007,M004,CompC,171.61,163.76,2025-11-19
P0007,M006,CompA,131.18,133.78,2025-11-19
P0007,M006,CompB,174.26,133.78,2025-11-19
P0007,M006,CompC,172.56,133.78,2025-11-19
P0007,M005,CompA,133.45,136.28,2025-11-19
P0007,M005,CompB,161.73,136.28,2025-11-19
P0007,M005,CompC,127.94,136.28,2025-11-19
P0007,M003,CompA,153.93,155.03,2025-11-19
P0007,M003,CompB,130.08,155.03,2025-11-19
P0007,M003,CompC,141.28,155.03,2025-11-19
P0007,M008,CompA,122.61,150.3,2025-11-19
P0007,M008,CompB,170.2,150.3,2025-11-19
P0007,M008,CompC,135.0,150.3,2025-11-19
P0007,M007,CompA,123.25,143.73,2025-11-19
P0007,M007,CompB,176.9,143.73,2025-11-19
P0007,M007,CompC,158.03,143.73,2025-11-19
P0008,M012,CompA,298.24,214.0,2025-11-19
P0008,M012,CompB,269.32,214.0,2025-11-19
P0008,M012,CompC,265.45,214.0,2025-11-19
P0008,M010,CompA,275.42,269.9,2025-11-19
P0008,M010,CompB,241.38,269.9,2025-11-19
P0008,M010,CompC,298.82,269.9,2025-11-19
P0008,M011,CompA,257.06,278.7,2025-11-19
P0008,M011,CompB,295.26,278.7,2025-11-19
P0008,M011,CompC,295.35,278.7,2025-11-19
P0008,M008,CompA,289.33,240.52,2025-11-19
P0008,M008,CompB,239.69,240.52,2025-11-19
P0008,M008,CompC,313.17,240.52,2025-11-19
P0008,M002,CompA,301.31,223.03,2025-11-19
P0008,M002,CompB,237.63,223.03,2025-11-19
P0008,M002,CompC,237.24,223.03,2025-11-19
P0008,M004,CompA,246.2,223.17,2025-11-19
P0008,M004,CompB,246.32,223.17,2025-11-19
P0008,M004,CompC,253.02,223.17,2025-11-19
P0009,M005,CompA,242.15,188.49,2025-11-19
P0009,M005,CompB,207.21,188.49,2025-11-19
P0009,M005,CompC,185.3,188.49,2025-11-19
P0009,M004,CompA,199.71,213.72,2025-11-19
P0009,M004,CompB,261.81,213.72,2025-11-19
P0009,M004,CompC,210.23,213.72,2025-11-19
P0009,M007,CompA,239.43,171.46,2025-11-19
P0009,M007,CompB,259.57,171.46,2025-11-19
P0009,M007,CompC,253.43,171.46,2025-11-19
P0009,M009,CompA,194.69,228.5,2025-11-19
P0009,M009,CompB,189.64,228.5,2025-11-19
P0009,M009,CompC,225.73,228.5,2025-11-19
P0009,M008,CompA,190.6,233.17,2025-11-19
P0009,M008,CompB,203.83,233.17,2025-11-19
P0009,M008,CompC,201.72,233.17,2025-11-19
P0009,M011,CompA,207.27,255.87,2025-11-19
P0009,M011,CompB,221.67,255.87,2025-11-19
P0009,M011,CompC,190.47,255.87,2025-11-19
P0010,M008,CompA,75.49,63.74,2025-11-19
P0010,M008,CompB,91.46,63.74,2025-11-19
P0010,M008,CompC,76.18,63.74,2025-11-19
P0010,M010,CompA,69.38,85.58,2025-11-19
P0010,M010,CompB,90.11,85.58,2025-11-19
P0010,M010,CompC,67.84,85.58,2025-11-19
P0010,M006,CompA,87.14,89.13,2025-11-19
P0010,M006,CompB,71.74,89.13,2025-11-19
P0010,M006,CompC,77.58,89.13,2025-11-19
P0010,M011,CompA,85.84,76.18,2025-11-19
P0010,M011,CompB,93.86,76.18,2025-11-19
P0010,M011,CompC,69.32,76.18,2025-11-19
P0010,M007,CompA,72.13,87.97,2025-11-19
P0010,M007,CompB,78.94,87.97,2025-11-19
P0010,M007,CompC,96.48,87.97,2025-11-19
P0010,M001,CompA,78.46,71.0,2025-11-19
P0010,M001,CompB,93.0,71.0,2025-11-19
P0010,M001,CompC,91.41,71.0,2025-11-19
P0011,M008,CompA,235.49,294.29,2025-11-19
P0011,M008,CompB,296.84,294.29,2025-11-19
P0011,M008,CompC,229.76,294.29,2025-11-19
P0011,M004,CompA,240.36,309.61,2025-11-19
P0011,M004,CompB,267.37,309.61,2025-11-19
P0011,M004,CompC,285.75,309.61,2025-11-19
P0011,M010,CompA,294.97,294.85,2025-11-19
P0011,M010,CompB,242.66,294.85,2025-11-19
P0011,M010,CompC,263.55,294.85,2025-11-19
P0011,M006,CompA,226.62,248.17,2025-11-19
P0011,M006,CompB,295.61,248.17,2025-11-19
P0011,M006,CompC,311.82,248.17,2025-11-19
P0011,M012,CompA,237.34,312.87,2025-11-19
P0011,M012,CompB,320.44,312.87,2025-11-19
P0011,M012,CompC,235.48,312.87,2025-11-19
P0011,M005,CompA,228.43,253.72,2025-11-19
P0011,M005,CompB,251.12,253.72,2025-11-19
P0011,M005,CompC,256.66,253.72,2025-11-19
P0012,M003,CompA,329.49,305.05,2025-11-19
P0012,M003,CompB,307.75,305.05,2025-11-19
P0012,M003,CompC,306.42,305.05,2025-11-19
P0012,M011,CompA,318.37,339.22,2025-11-19
P0012,M011,CompB,280.6,339.22,2025-11-19
P0012,M011,CompC,301.65,339.22,2025-11-19
P0012,M001,CompA,252.91,307.63,2025-11-19
P0012,M001,CompB,317.44,307.63,2025-11-19
P0012,M001,CompC,270.38,307.63,2025-11-19
P0012,M004,CompA,319.1,267.21,2025-11-19
P0012,M004,CompB,285.91,267.21,2025-11-19
P0012,M004,CompC,337.64,267.21,2025-11-19
P0012,M009,CompA,354.58,291.43,2025-11-19
P0012,M009,CompB,248.28,291.43,2025-11-19
P0012,M009,CompC,315.35,291.43,2025-11-19
P0012,M007,CompA,338.76,245.7,2025-11-19
P0012,M007,CompB,339.1,245.7,2025-11-19
P0012,M007,CompC,341.1,245.7,2025-11-19
P0013,M011,CompA,37.1,39.07,2025-11-19
P0013,M011,CompB,48.53,39.07,2025-11-19
P0013,M011,CompC,34.11,39.07,2025-11-19
P0013,M004,CompA,43.41,34.85,2025-11-19
P0013,M004,CompB,39.64,34.85,2025-11-19
P0013,M004,CompC,37.0,34.85,2025-11-19
P0013,M007,CompA,45.88,38.56,2025-11-19
P0013,M007,CompB,40.35,38.56,2025-11-19
P0013,M007,CompC,46.75,38.56,2025-11-19
P0013,M010,CompA,35.18,38.37,2025-11-19
P0013,M010,CompB,41.12,38.37,2025-11-19
P0013,M010,CompC,43.56,38.37,2025-11-19
P0013,M003,CompA,39.79,32.97,2025-11-19
P0013,M003,CompB,42.06,32.97,2025-11-19
P0013,M003,CompC,33.32,32.97,2025-11-19
P0013,M009,CompA,42.79,32.79,2025-11-19
P0013,M009,CompB,43.03,32.79,2025-11-19
P0013,M009,CompC,38.1,32.79,2025-11-19
P0014,M005,CompA,232.95,183.83,2025-11-19
P0014,M005,CompB,256.18,183.83,2025-11-19
P0014,M005,CompC,207.28,183.83,2025-11-19
P0014,M011,CompA,195.58,171.12,2025-11-19
P0014,M011,CompB,214.87,171.12,2025-11-19
P0014,M011,CompC,223.67,171.12,2025-11-19
P0014,M010,CompA,216.42,218.23,2025-11-19
P0014,M010,CompB,231.75,218.23,2025-11-19
P0014,M010,CompC,236.65,218.23,2025-11-19
P0014,M007,CompA,240.26,176.1,2025-11-19
P0014,M007,CompB,195.48,176.1,2025-11-19
P0014,M007,CompC,205.45,176.1,2025-11-19
P0014,M009,CompA,257.35,235.73,2025-11-19
P0014,M009,CompB,201.33,235.73,2025-11-19
P0014,M009,CompC,220.49,235.73,2025-11-19
P0014,M004,CompA,180.83,225.08,2025-11-19
P0014,M004,CompB,190.69,225.08,2025-11-19
P0014,M004,CompC,188.71,225.08,2025-11-19
P0015,M008,CompA,258.52,315.23,2025-11-19
P0015,M008,CompB,316.89,315.23,2025-11-19
P0015,M008,CompC,267.86,315.23,2025-11-19
P0015,M010,CompA,291.64,339.4,2025-11-19
P0015,M010,CompB,299.07,339.4,2025-11-19
P0015,M010,CompC,336.64,339.4,2025-11-19
P0015,M001,CompA,258.62,314.68,2025-11-19
P0015,M001,CompB,294.14,314.68,2025-11-19
P0015,M001,CompC,353.46,314.68,2025-11-19
P0015,M006,CompA,314.34,328.66,2025-11-19
P0015,M006,CompB,335.57,328.66,2025-11-19
P0015,M006,CompC,298.32,328.66,2025-11-19
P0015,M007,CompA,356.89,307.92,2025-11-19
P0015,M007,CompB,261.73,307.92,2025-11-19
P0015,M007,CompC,303.91,307.92,2025-11-19
P0015,M003,CompA,251.76,293.09,2025-11-19
P0015,M003,CompB,354.47,293.09,2025-11-19
P0015,M003,CompC,343.29,293.09,2025-11-19
P0016,M004,CompA,241.67,199.0,2025-11-19
P0016,M004,CompB,182.65,199.0,2025-11-19
P0016,M004,CompC,214.49,199.0,2025-11-19
P0016,M001,CompA,178.77,216.63,2025-11-19
P0016,M001,CompB,199.32,216.63,2025-11-19
P0016,M001,CompC,216.23,216.63,2025-11-19
P0016,M006,CompA,208.58,228.7,2025-11-19
P0016,M006,CompB,199.11,228.7,2025-11-19
P0016,M006,CompC,246.3,228.7,2025-11-19
P0016,M011,CompA,229.07,231.34,2025-11-19
P0016,M011,CompB,190.3,231.34,2025-11-19
P0016,M011,CompC,245.04,231.34,2025-11-19
P0016,M005,CompA,204.52,235.67,2025-11-19
P0016,M005,CompB,179.17,235.67,2025-11-19
P0016,M005,CompC,201.33,235.67,2025-11-19
P0016,M012,CompA,227.97,214.21,2025-11-19
P0016,M012,CompB,192.3,214.21,2025-11-19
P0016,M012,CompC,224.24,214.21,2025-11-19
P0017,M008,CompA,423.18,374.98,2025-11-19
P0017,M008,CompB,381.3,374.98,2025-11-19
P0017,M008,CompC,321.61,374.98,2025-11-19
P0017,M009,CompA,334.01,362.85,2025-11-19
P0017,M009,CompB,341.57,362.85,2025-11-19
P0017,M009,CompC,386.8,362.85,2025-11-19
P0017,M011,CompA,383.72,412.24,2025-11-19
P0017,M011,CompB,426.34,412.24,2025-11-19
P0017,M011,CompC,363.5,412.24,2025-11-19
P0017,M001,CompA,338.4,372.55,2025-11-19
P0017,M001,CompB,309.79,372.55,2025-11-19
P0017,M001,CompC,342.53,372.55,2025-11-19
P0017,M003,CompA,372.73,342.97,2025-11-19
P0017,M003,CompB,386.08,342.97,2025-11-19
P0017,M003,CompC,351.55,342.97,2025-11-19
P0017,M006,CompA,410.17,379.95,2025-11-19
P0017,M006,CompB,333.36,379.95,2025-11-19
P0017,M006,CompC,410.99,379.95,2025-11-19
P0018,M007,CompA,279.74,328.2,2025-11-19
P0018,M007,CompB,295.36,328.2,2025-11-19
P0018,M007,CompC,363.65,328.2,2025-11-19
P0018,M004,CompA,374.05,286.2,2025-11-19
P0018,M004,CompB,297.39,286.2,2025-11-19
P0018,M004,CompC,313.74,286.2,2025-11-19
P0018,M005,CompA,385.65,292.79,2025-11-19
P0018,M005,CompB,366.3,292.79,2025-11-19
P0018,M005,CompC,314.85,292.79,2025-11-19
P0018,M001,CompA,280.66,358.23,2025-11-19
P0018,M001,CompB,382.36,358.23,2025-11-19
P0018,M001,CompC,289.79,358.23,2025-11-19
P0018,M011,CompA,372.66,373.12,2025-11-19
P0018,M011,CompB,388.97,373.12,2025-11-19
P0018,M011,CompC,373.04,373.12,2025-11-19
P0018,M009,CompA,307.36,333.21,2025-11-19
P0018,M009,CompB,378.49,333.21,2025-11-19
P0018,M009,CompC,380.38,333.21,2025-11-19
P0019,M011,CompA,149.13,130.22,2025-11-19
P0019,M011,CompB,122.79,130.22,2025-11-19
P0019,M011,CompC,150.61,130.22,2025-11-19
P0019,M010,CompA,119.13,145.43,2025-11-19
P0019,M010,CompB,130.84,145.43,2025-11-19
P0019,M010,CompC,104.49,145.43,2025-11-19
P0019,M001,CompA,134.18,110.03,2025-11-19
P0019,M001,CompB,142.02,110.03,2025-11-19
P0019,M001,CompC,146.38,110.03,2025-11-19
P0019,M003,CompA,148.4,138.31,2025-11-19
P0019,M003,CompB,138.29,138.31,2025-11-19
P0019,M003,CompC,135.5,138.31,2025-11-19
P0019,M007,CompA,130.57,134.65,2025-11-19
P0019,M007,CompB,133.34,134.65,2025-11-19
P0019,M007,CompC,141.78,134.65,2025-11-19
P0019,M002,CompA,118.23,144.87,2025-11-19
P0019,M002,CompB,112.52,144.87,2025-11-19
P0019,M002,CompC,137.22,144.87,2025-11-19
P0020,M008,CompA,87.53,72.1,2025-11-19
P0020,M008,CompB,82.99,72.1,2025-11-19
P0020,M008,CompC,84.69,72.1,2025-11-19
P0020,M005,CompA,74.8,84.8,2025-11-19
P0020,M005,CompB,89.85,84.8,2025-11-19
P0020,M005,CompC,78.94,84.8,2025-11-19
P0020,M004,CompA,94.02,77.3,2025-11-19
P0020,M004,CompB,75.62,77.3,2025-11-19
P0020,M004,CompC,75.58,77.3,2025-11-19
P0020,M007,CompA,72.17,77.04,2025-11-19
P0020,M007,CompB,101.41,77.04,2025-11-19
P0020,M007,CompC,90.9,77.04,2025-11-19
P0020,M003,CompA,86.75,88.29,2025-11-19
P0020,M003,CompB,89.48,88.29,2025-11-19
P0020,M003,CompC,82.36,88.29,2025-11-19
P0020,M002,CompA,81.02,92.34,2025-11-19
P0020,M002,CompB,77.78,92.34,2025-11-19
P0020,M002,CompC,76.58,92.34,2025-11-19
P0021,M006,CompA,37.19,36.67,2025-11-19
P0021,M006,CompB,38.96,36.67,2025-11-19
P0021,M006,CompC,32.45,36.67,2025-11-19
P0021,M007,CompA,34.22,32.51,2025-11-19
P0021,M007,CompB,35.96,32.51,2025-11-19
P0021,M007,CompC,36.38,32.51,2025-11-19
P0021,M002,CompA,42.12,32.47,2025-11-19
P0021,M002,CompB,38.87,32.47,2025-11-19
P0021,M002,CompC,45.69,32.47,2025-11-19
P0021,M001,CompA,45.46,41.33,2025-11-19
P0021,M001,CompB,31.23,41.33,2025-11-19
P0021,M001,CompC,40.89,41.33,2025-11-19
P0021,M010,CompA,44.34,35.79,2025-11-19
P0021,M010,CompB,40.08,35.79,2025-11-19
P0021,M010,CompC,40.19,35.79,2025-11-19
P0021,M008,CompA,41.09,43.31,2025-11-19
P0021,M008,CompB,35.8,43.31,2025-11-19
P0021,M008,CompC,44.51,43.31,2025-11-19
P0022,M005,CompA,403.57,361.27,2025-11-19
P0022,M005,CompB,364.59,361.27,2025-11-19
P0022,M005,CompC,459.76,361.27,2025-11-19
P0022,M012,CompA,378.54,427.32,2025-11-19
P0022,M012,CompB,443.33,427.32,2025-11-19
P0022,M012,CompC,389.23,427.32,2025-11-19
P0022,M004,CompA,457.79,309.48,2025-11-19
P0022,M004,CompB,350.92,309.48,2025-11-19
P0022,M004,CompC,399.58,309.48,2025-11-19
P0022,M001,CompA,347.11,446.42,2025-11-19
P0022,M001,CompB,466.57,446.42,2025-11-19
P0022,M001,CompC,403.23,446.42,2025-11-19
P0022,M009,CompA,331.68,303.95,2025-11-19
P0022,M009,CompB,423.27,303.95,2025-11-19
P0022,M009,CompC,438.9,303.95,2025-11-19
P0022,M006,CompA,386.0,433.81,2025-11-19
P0022,M006,CompB,337.5,433.81,2025-11-19
P0022,M006,CompC,403.19,433.81,2025-11-19
P0023,M005,CompA,329.54,338.18,2025-11-19
P0023,M005,CompB,314.93,338.18,2025-11-19
P0023,M005,CompC,348.24,338.18,2025-11-19
P0023,M001,CompA,258.93,312.12,2025-11-19
P0023,M001,CompB,293.64,312.12,2025-11-19
P0023,M001,CompC,279.15,312.12,2025-11-19
P0023,M003,CompA,247.63,237.2,2025-11-19
P0023,M003,CompB,331.7,237.2,2025-11-19
P0023,M003,CompC,304.87,237.2,2025-11-19
P0023,M010,CompA,267.33,292.59,2025-11-19
P0023,M010,CompB,270.85,292.59,2025-11-19
P0023,M010,CompC,285.55,292.59,2025-11-19
P0023,M012,CompA,290.66,298.87,2025-11-19
P0023,M012,CompB,243.38,298.87,2025-11-19
P0023,M012,CompC,317.97,298.87,2025-11-19
P0023,M006,CompA,314.34,288.03,2025-11-19
P0023,M006,CompB,311.72,288.03,2025-11-19
P0023,M006,CompC,327.36,288.03,2025-11-19
P0024,M010,CompA,209.55,257.55,2025-11-19
P0024,M010,CompB,291.13,257.55,2025-11-19
P0024,M010,CompC,212.75,257.55,2025-11-19
P0024,M011,CompA,231.37,265.75,2025-11-19
P0024,M011,CompB,210.88,265.75,2025-11-19
P0024,M011,CompC,275.6,265.75,2025-11-19
P0024,M006,CompA,240.31,232.45,2025-11-19
P0024,M006,CompB,265.64,232.45,2025-11-19
P0024,M006,CompC,247.83,232.45,2025-11-19
P0024,M002,CompA,215.64,241.58,2025-11-19
P0024,M002,CompB,239.91,241.58,2025-11-19
P0024,M002,CompC,278.68,241.58,2025-11-19
P0024,M004,CompA,294.19,242.75,2025-11-19
P0024,M004,CompB,216.37,242.75,2025-11-19
P0024,M004,CompC,267.22,242.75,2025-11-19
P0024,M012,CompA,278.44,277.88,2025-11-19
P0024,M012,CompB,272.18,277.88,2025-11-19
P0024,M012,CompC,238.21,277.88,2025-11-19
P0025,M008,CompA,407.68,388.43,2025-11-19
P0025,M008,CompB,341.99,388.43,2025-11-19
P0025,M008,CompC,324.01,388.43,2025-11-19
P0025,M009,CompA,404.96,394.99,2025-11-19
P0025,M009,CompB,467.3,394.99,2025-11-19
P0025,M009,CompC,369.59,394.99,2025-11-19
P0025,M010,CompA,460.69,418.06,2025-11-19
P0025,M010,CompB,375.55,418.06,2025-11-19
P0025,M010,CompC,386.02,418.06,2025-11-19
P0025,M004,CompA,401.21,402.49,2025-11-19
P0025,M004,CompB,347.73,402.49,2025-11-19
P0025,M004,CompC,356.83,402.49,2025-11-19
P0025,M011,CompA,352.81,431.21,2025-11-19
P0025,M011,CompB,350.83,431.21,2025-11-19
P0025,M011,CompC,444.89,431.21,2025-11-19
P0025,M012,CompA,452.76,433.87,2025-11-19
P0025,M012,CompB,465.07,433.87,2025-11-19
P0025,M012,CompC,474.5,433.87,2025-11-19
P0026,M010,CompA,183.48,193.66,2025-11-19
P0026,M010,CompB,166.52,193.66,2025-11-19
P0026,M010,CompC,168.87,193.66,2025-11-19
P0026,M006,CompA,198.41,207.02,2025-11-19
P0026,M006,CompB,186.54,207.02,2025-11-19
P0026,M006,CompC,171.15,207.02,2025-11-19
P0026,M004,CompA,169.01,201.7,2025-11-19
P0026,M004,CompB,208.46,201.7,2025-11-19
P0026,M004,CompC,229.78,201.7,2025-11-19
P0026,M011,CompA,195.64,176.05,2025-11-19
P0026,M011,CompB,208.22,176.05,2025-11-19
P0026,M011,CompC,184.62,176.05,2025-11-19
P0026,M003,CompA,204.36,196.28,2025-11-19
P0026,M003,CompB,189.09,196.28,2025-11-19
P0026,M003,CompC,185.43,196.28,2025-11-19
P0026,M007,CompA,161.77,184.44,2025-11-19
P0026,M007,CompB,180.1,184.44,2025-11-19
P0026,M007,CompC,178.23,184.44,2025-11-19
P0027,M010,CompA,354.07,290.9,2025-11-19
P0027,M010,CompB,269.79,290.9,2025-11-19
P0027,M010,CompC,341.28,290.9,2025-11-19
P0027,M001,CompA,309.02,343.65,2025-11-19
P0027,M001,CompB,296.59,343.65,2025-11-19
P0027,M001,CompC,290.23,343.65,2025-11-19
P0027,M006,CompA,274.74,304.7,2025-11-19
P0027,M006,CompB,326.19,304.7,2025-11-19
P0027,M006,CompC,354.27,304.7,2025-11-19
P0027,M012,CompA,270.47,341.36,2025-11-19
P0027,M012,CompB,318.07,341.36,2025-11-19
P0027,M012,CompC,285.18,341.36,2025-11-19
P0027,M009,CompA,262.88,344.66,2025-11-19
P0027,M009,CompB,262.75,344.66,2025-11-19
P0027,M009,CompC,255.98,344.66,2025-11-19
P0027,M011,CompA,257.48,299.39,2025-11-19
P0027,M011,CompB,323.24,299.39,2025-11-19
P0027,M011,CompC,302.13,299.39,2025-11-19
P0028,M012,CompA,257.07,279.13,2025-11-19
P0028,M012,CompB,256.29,279.13,2025-11-19
P0028,M012,CompC,300.02,279.13,2025-11-19
P0028,M005,CompA,278.55,237.43,2025-11-19
P0028,M005,CompB,239.23,237.43,2025-11-19
P0028,M005,CompC,225.54,237.43,2025-11-19
P0028,M002,CompA,274.52,266.25,2025-11-19
P0028,M002,CompB,232.04,266.25,2025-11-19
P0028,M002,CompC,248.73,266.25,2025-11-19
P0028,M003,CompA,242.2,241.11,2025-11-19
P0028,M003,CompB,252.32,241.11,2025-11-19
P0028,M003,CompC,267.74,241.11,2025-11-19
P0028,M009,CompA,281.56,273.53,2025-11-19
P0028,M009,CompB,263.07,273.53,2025-11-19
P0028,M009,CompC,220.02,273.53,2025-11-19
P0028,M008,CompA,246.95,241.47,2025-11-19
P0028,M008,CompB,221.3,241.47,2025-11-19
P0028,M008,CompC,295.21,241.47,2025-11-19
P0029,M007,CompA,305.74,317.16,2025-11-19
P0029,M007,CompB,278.77,317.16,2025-11-19
P0029,M007,CompC,265.44,317.16,2025-11-19
P0029,M010,CompA,279.21,237.12,2025-11-19
P0029,M010,CompB,233.81,237.12,2025-11-19
P0029,M010,CompC,266.58,237.12,2025-11-19
P0029,M006,CompA,249.19,218.31,2025-11-19
P0029,M006,CompB,324.1,218.31,2025-11-19
P0029,M006,CompC,265.7,218.31,2025-11-19
P0029,M004,CompA,275.68,263.93,2025-11-19
P0029,M004,CompB,232.06,263.93,2025-11-19
P0029,M004,CompC,331.89,263.93,2025-11-19
P0029,M001,CompA,302.3,248.37,2025-11-19
P0029,M001,CompB,282.81,248.37,2025-11-19
P0029,M001,CompC,315.76,248.37,2025-11-19
P0029,M011,CompA,255.23,302.96,2025-11-19
P0029,M011,CompB,285.27,302.96,2025-11-19
P0029,M011,CompC,245.67,302.96,2025-11-19
P0030,M007,CompA,294.43,250.66,2025-11-19
P0030,M007,CompB,313.73,250.66,2025-11-19
P0030,M007,CompC,279.94,250.66,2025-11-19
P0030,M008,CompA,321.33,251.82,2025-11-19
P0030,M008,CompB,279.91,251.82,2025-11-19
P0030,M008,CompC,262.59,251.82,2025-11-19
P0030,M005,CompA,276.78,303.9,2025-11-19
P0030,M005,CompB,276.28,303.9,2025-11-19
P0030,M005,CompC,289.22,303.9,2025-11-19
P0030,M012,CompA,239.92,265.12,2025-11-19
P0030,M012,CompB,242.74,265.12,2025-11-19
P0030,M012,CompC,233.36,265.12,2025-11-19
P0030,M003,CompA,247.61,280.13,2025-11-19
P0030,M003,CompB,245.0,280.13,2025-11-19
P0030,M003,CompC,263.58,280.13,2025-11-19
P0030,M010,CompA,237.73,287.96,2025-11-19
P0030,M010,CompB,249.6,287.96,2025-11-19
P0030,M010,CompC,311.15,287.96,2025-11-19
P0031,M005,CompA,302.98,288.75,2025-11-19
P0031,M005,CompB,271.78,288.75,2025-11-19
P0031,M005,CompC,266.03,288.75,2025-11-19
P0031,M003,CompA,249.88,329.69,2025-11-19
P0031,M003,CompB,252.29,329.69,2025-11-19
P0031,M003,CompC,314.0,329.69,2025-11-19
P0031,M008,CompA,320.52,251.47,2025-11-19
P0031,M008,CompB,251.83,251.47,2025-11-19
P0031,M008,CompC,313.85,251.47,2025-11-19
P0031,M002,CompA,277.32,239.23,2025-11-19
P0031,M002,CompB,268.21,239.23,2025-11-19
P0031,M002,CompC,358.77,239.23,2025-11-19
P0031,M011,CompA,312.85,302.46,2025-11-19
P0031,M011,CompB,249.43,302.46,2025-11-19
P0031,M011,CompC,330.99,302.46,2025-11-19
P0031,M007,CompA,280.25,309.72,2025-11-19
P0031,M007,CompB,257.24,309.72,2025-11-19
P0031,M007,CompC,299.53,309.72,2025-11-19
P0032,M004,CompA,364.7,455.53,2025-11-19
P0032,M004,CompB,469.52,455.53,2025-11-19
P0032,M004,CompC,433.06,455.53,2025-11-19
P0032,M003,CompA,467.95,443.99,2025-11-19
P0032,M003,CompB,366.5,443.99,2025-11-19
P0032,M003,CompC,442.4,443.99,2025-11-19
P0032,M011,CompA,452.66,359.77,2025-11-19
P0032,M011,CompB,392.04,359.77,2025-11-19
P0032,M011,CompC,409.65,359.77,2025-11-19
P0032,M007,CompA,374.11,411.57,2025-11-19
P0032,M007,CompB,398.84,411.57,2025-11-19
P0032,M007,CompC,354.85,411.57,2025-11-19
P0032,M008,CompA,474.17,349.89,2025-11-19
P0032,M008,CompB,417.73,349.89,2025-11-19
P0032,M008,CompC,404.3,349.89,2025-11-19
P0032,M006,CompA,352.9,341.51,2025-11-19
P0032,M006,CompB,413.21,341.51,2025-11-19
P0032,M006,CompC,435.27,341.51,2025-11-19
P0033,M001,CompA,26.51,28.08,2025-11-19
P0033,M001,CompB,22.62,28.08,2025-11-19
P0033,M001,CompC,26.3,28.08,2025-11-19
P0033,M004,CompA,27.52,21.49,2025-11-19
P0033,M004,CompB,29.79,21.49,2025-11-19
P0033,M004,CompC,30.49,21.49,2025-11-19
P0033,M005,CompA,27.99,27.99,2025-11-19
P0033,M005,CompB,26.7,27.99,2025-11-19
P0033,M005,CompC,25.17,27.99,2025-11-19
P0033,M003,CompA,26.78,20.61,2025-11-19
P0033,M003,CompB,23.75,20.61,2025-11-19
P0033,M003,CompC,29.53,20.61,2025-11-19
P0033,M009,CompA,25.28,28.14,2025-11-19
P0033,M009,CompB,27.38,28.14,2025-11-19
P0033,M009,CompC,28.92,28.14,2025-11-19
P0033,M008,CompA,28.47,27.86,2025-11-19
P0033,M008,CompB,22.42,27.86,2025-11-19
P0033,M008,CompC,22.79,27.86,2025-11-19
P0034,M005,CompA,234.06,175.11,2025-11-19
P0034,M005,CompB,188.89,175.11,2025-11-19
P0034,M005,CompC,235.45,175.11,2025-11-19
P0034,M002,CompA,181.5,188.92,2025-11-19
P0034,M002,CompB,222.3,188.92,2025-11-19
P0034,M002,CompC,228.6,188.92,2025-11-19
P0034,M004,CompA,175.92,202.21,2025-11-19
P0034,M004,CompB,167.24,202.21,2025-11-19
P0034,M004,CompC,218.02,202.21,2025-11-19
P0034,M010,CompA,191.45,210.82,2025-11-19
P0034,M010,CompB,195.09,210.82,2025-11-19
P0034,M010,CompC,178.82,210.82,2025-11-19
P0034,M012,CompA,186.57,207.98,2025-11-19
P0034,M012,CompB,233.74,207.98,2025-11-19
P0034,M012,CompC,199.9,207.98,2025-11-19
P0034,M011,CompA,188.29,185.55,2025-11-19
P0034,M011,CompB,220.06,185.55,2025-11-19
P0034,M011,CompC,225.89,185.55,2025-11-19
P0035,M005,CompA,178.52,190.59,2025-11-19
P0035,M005,CompB,170.83,190.59,2025-11-19
P0035,M005,CompC,183.48,190.59,2025-11-19
P0035,M001,CompA,166.48,154.3,2025-11-19
P0035,M001,CompB,169.06,154.3,2025-11-19
P0035,M001,CompC,193.79,154.3,2025-11-19
P0035,M003,CompA,204.02,187.3,2025-11-19
P0035,M003,CompB,190.62,187.3,2025-11-19
P0035,M003,CompC,196.68,187.3,2025-11-19
P0035,M012,CompA,193.36,167.5,2025-11-19
P0035,M012,CompB,156.56,167.5,2025-11-19
P0035,M012,CompC,160.17,167.5,2025-11-19
P0035,M007,CompA,168.66,164.35,2025-11-19
P0035,M007,CompB,183.18,164.35,2025-11-19
P0035,M007,CompC,193.21,164.35,2025-11-19
P0035,M006,CompA,156.49,185.32,2025-11-19
P0035,M006,CompB,211.52,185.32,2025-11-19
P0035,M006,CompC,145.85,185.32,2025-11-19
P0036,M005,CompA,55.55,39.06,2025-11-19
P0036,M005,CompB,46.62,39.06,2025-11-19
P0036,M005,CompC,39.86,39.06,2025-11-19
P0036,M001,CompA,40.15,40.45,2025-11-19
P0036,M001,CompB,39.38,40.45,2025-11-19
P0036,M001,CompC,45.69,40.45,2025-11-19
P0036,M009,CompA,49.87,54.34,2025-11-19
P0036,M009,CompB,48.18,54.34,2025-11-19
P0036,M009,CompC,51.65,54.34,2025-11-19
P0036,M003,CompA,55.91,47.29,2025-11-19
P0036,M003,CompB,53.63,47.29,2025-11-19
P0036,M003,CompC,50.35,47.29,2025-11-19
P0036,M012,CompA,42.36,44.41,2025-11-19
P0036,M012,CompB,50.65,44.41,2025-11-19
P0036,M012,CompC,53.33,44.41,2025-11-19
P0036,M008,CompA,39.3,41.62,2025-11-19
P0036,M008,CompB,49.61,41.62,2025-11-19
P0036,M008,CompC,48.08,41.62,2025-11-19
P0037,M011,CompA,86.74,87.08,2025-11-19
P0037,M011,CompB,94.9,87.08,2025-11-19
P0037,M011,CompC,85.31,87.08,2025-11-19
P0037,M003,CompA,125.31,86.6,2025-11-19
P0037,M003,CompB,116.59,86.6,2025-11-19
P0037,M003,CompC,99.47,86.6,2025-11-19
P0037,M012,CompA,108.82,96.14,2025-11-19
P0037,M012,CompB,106.08,96.14,2025-11-19
P0037,M012,CompC,114.88,96.14,2025-11-19
P0037,M001,CompA,88.92,83.03,2025-11-19
P0037,M001,CompB,96.72,83.03,2025-11-19
P0037,M001,CompC,118.6,83.03,2025-11-19
P0037,M005,CompA,99.27,117.01,2025-11-19
P0037,M005,CompB,123.96,117.01,2025-11-19
P0037,M005,CompC,96.4,117.01,2025-11-19
P0037,M008,CompA,93.11,104.62,2025-11-19
P0037,M008,CompB,122.62,104.62,2025-11-19
P0037,M008,CompC,108.37,104.62,2025-11-19
P0038,M001,CompA,99.82,107.68,2025-11-19
P0038,M001,CompB,98.29,107.68,2025-11-19
P0038,M001,CompC,108.22,107.68,2025-11-19
P0038,M006,CompA,130.97,131.83,2025-11-19
P0038,M006,CompB,137.85,131.83,2025-11-19
P0038,M006,CompC,134.25,131.83,2025-11-19
P0038,M002,CompA,120.77,125.84,2025-11-19
P0038,M002,CompB,126.11,125.84,2025-11-19
P0038,M002,CompC,138.27,125.84,2025-11-19
P0038,M009,CompA,129.5,114.66,2025-11-19
P0038,M009,CompB,128.94,114.66,2025-11-19
P0038,M009,CompC,138.05,114.66,2025-11-19
P0038,M011,CompA,115.66,109.99,2025-11-19
P0038,M011,CompB,121.31,109.99,2025-11-19
P0038,M011,CompC,96.28,109.99,2025-11-19
P0038,M012,CompA,98.08,94.66,2025-11-19
P0038,M012,CompB,123.4,94.66,2025-11-19
P0038,M012,CompC,139.53,94.66,2025-11-19
P0039,M009,CompA,267.5,244.4,2025-11-19
P0039,M009,CompB,337.62,244.4,2025-11-19
P0039,M009,CompC,289.51,244.4,2025-11-19
P0039,M007,CompA,324.11,220.27,2025-11-19
P0039,M007,CompB,260.11,220.27,2025-11-19
P0039,M007,CompC,243.09,220.27,2025-11-19
P0039,M012,CompA,322.89,293.04,2025-11-19
P0039,M012,CompB,241.23,293.04,2025-11-19
P0039,M012,CompC,334.98,293.04,2025-11-19
P0039,M004,CompA,271.65,271.43,2025-11-19
P0039,M004,CompB,330.92,271.43,2025-11-19
P0039,M004,CompC,262.39,271.43,2025-11-19
P0039,M010,CompA,307.77,323.0,2025-11-19
P0039,M010,CompB,332.63,323.0,2025-11-19
P0039,M010,CompC,287.59,323.0,2025-11-19
P0039,M011,CompA,313.5,241.08,2025-11-19
P0039,M011,CompB,328.55,241.08,2025-11-19
P0039,M011,CompC,255.56,241.08,2025-11-19
P0040,M008,CompA,97.76,80.16,2025-11-19
P0040,M008,CompB,81.28,80.16,2025-11-19
P0040,M008,CompC,79.52,80.16,2025-11-19
P0040,M009,CompA,99.8,104.05,2025-11-19
P0040,M009,CompB,99.36,104.05,2025-11-19
P0040,M009,CompC,97.59,104.05,2025-11-19
P0040,M002,CompA,95.01,98.5,2025-11-19
P0040,M002,CompB,77.22,98.5,2025-11-19
P0040,M002,CompC,92.9,98.5,2025-11-19
P0040,M012,CompA,93.26,93.38,2025-11-19
P0040,M012,CompB,110.83,93.38,2025-11-19
P0040,M012,CompC,107.68,93.38,2025-11-19
P0040,M005,CompA,93.21,102.22,2025-11-19
P0040,M005,CompB,110.79,102.22,2025-11-19
P0040,M005,CompC,108.36,102.22,2025-11-19
P0040,M011,CompA,83.63,81.25,2025-11-19
P0040,M011,CompB,96.27,81.25,2025-11-19
P0040,M011,CompC,77.65,81.25,2025-11-19
P0041,M003,CompA,343.05,318.93,2025-11-19
P0041,M003,CompB,338.12,318.93,2025-11-19
P0041,M003,CompC,324.13,318.93,2025-11-19
P0041,M001,CompA,295.96,345.7,2025-11-19
P0041,M001,CompB,399.13,345.7,2025-11-19
P0041,M001,CompC,363.32,345.7,2025-11-19
P0041,M002,CompA,362.16,316.58,2025-11-19
P0041,M002,CompB,274.98,316.58,2025-11-19
P0041,M002,CompC,300.58,316.58,2025-11-19
P0041,M010,CompA,315.34,332.14,2025-11-19
P0041,M010,CompB,352.32,332.14,2025-11-19
P0041,M010,CompC,306.88,332.14,2025-11-19
P0041,M007,CompA,303.98,327.97,2025-11-19
P0041,M007,CompB,334.12,327.97,2025-11-19
P0041,M007,CompC,352.36,327.97,2025-11-19
P0041,M006,CompA,337.65,304.47,2025-11-19
P0041,M006,CompB,300.56,304.47,2025-11-19
P0041,M006,CompC,363.64,304.47,2025-11-19
P0042,M012,CompA,149.28,177.2,2025-11-19
P0042,M012,CompB,143.09,177.2,2025-11-19
P0042,M012,CompC,140.06,177.2,2025-11-19
P0042,M001,CompA,146.11,159.91,2025-11-19
P0042,M001,CompB,138.12,159.91,2025-11-19
P0042,M001,CompC,148.68,159.91,2025-11-19
P0042,M011,CompA,158.75,138.8,2025-11-19
P0042,M011,CompB,155.57,138.8,2025-11-19
P0042,M011,CompC,140.97,138.8,2025-11-19
P0042,M007,CompA,141.2,183.7,2025-11-19
P0042,M007,CompB,181.94,183.7,2025-11-19
P0042,M007,CompC,142.88,183.7,2025-11-19
P0042,M006,CompA,193.72,155.18,2025-11-19
P0042,M006,CompB,184.65,155.18,2025-11-19
P0042,M006,CompC,164.02,155.18,2025-11-19
P0042,M008,CompA,180.67,168.89,2025-11-19
P0042,M008,CompB,150.55,168.89,2025-11-19
P0042,M008,CompC,166.82,168.89,2025-11-19
P0043,M007,CompA,260.67,222.05,2025-11-19
P0043,M007,CompB,202.3,222.05,2025-11-19
P0043,M007,CompC,272.09,222.05,2025-11-19
P0043,M009,CompA,255.06,229.29,2025-11-19
P0043,M009,CompB,238.39,229.29,2025-11-19
P0043,M009,CompC,227.72,229.29,2025-11-19
P0043,M001,CompA,248.62,218.59,2025-11-19
P0043,M001,CompB,283.01,218.59,2025-11-19
P0043,M001,CompC,220.6,218.59,2025-11-19
P0043,M002,CompA,207.97,187.0,2025-11-19
P0043,M002,CompB,277.05,187.0,2025-11-19
P0043,M002,CompC,285.91,187.0,2025-11-19
P0043,M008,CompA,250.06,203.59,2025-11-19
P0043,M008,CompB,256.84,203.59,2025-11-19
P0043,M008,CompC,212.9,203.59,2025-11-19
P0043,M012,CompA,229.62,257.41,2025-11-19
P0043,M012,CompB,259.07,257.41,2025-11-19
P0043,M012,CompC,241.88,257.41,2025-11-19
P0044,M012,CompA,297.97,343.58,2025-11-19
P0044,M012,CompB,286.73,343.58,2025-11-19
P0044,M012,CompC,327.77,343.58,2025-11-19
P0044,M011,CompA,272.59,255.02,2025-11-19
P0044,M011,CompB,348.7,255.02,2025-11-19
P0044,M011,CompC,292.78,255.02,2025-11-19
P0044,M005,CompA,320.63,312.86,2025-11-19
P0044,M005,CompB,353.6,312.86,2025-11-19
P0044,M005,CompC,261.15,312.86,2025-11-19
P0044,M007,CompA,279.8,257.06,2025-11-19
P0044,M007,CompB,290.34,257.06,2025-11-19
P0044,M007,CompC,287.3,257.06,2025-11-19
P0044,M009,CompA,329.31,269.6,2025-11-19
P0044,M009,CompB,284.91,269.6,2025-11-19
P0044,M009,CompC,305.56,269.6,2025-11-19
P0044,M002,CompA,295.84,340.39,2025-11-19
P0044,M002,CompB,322.45,340.39,2025-11-19
P0044,M002,CompC,367.46,340.39,2025-11-19
P0045,M008,CompA,147.33,149.78,2025-11-19
P0045,M008,CompB,195.65,149.78,2025-11-19
P0045,M008,CompC,191.15,149.78,2025-11-19
P0045,M002,CompA,193.8,201.67,2025-11-19
P0045,M002,CompB,151.23,201.67,2025-11-19
P0045,M002,CompC,157.19,201.67,2025-11-19
P0045,M003,CompA,150.12,144.23,2025-11-19
P0045,M003,CompB,206.01,144.23,2025-11-19
P0045,M003,CompC,183.35,144.23,2025-11-19
P0045,M012,CompA,172.97,138.98,2025-11-19
P0045,M012,CompB,198.21,138.98,2025-11-19
P0045,M012,CompC,151.45,138.98,2025-11-19
P0045,M004,CompA,156.39,155.17,2025-11-19
P0045,M004,CompB,190.65,155.17,2025-11-19
P0045,M004,CompC,206.47,155.17,2025-11-19
P0045,M009,CompA,162.71,158.39,2025-11-19
P0045,M009,CompB,165.23,158.39,2025-11-19
P0045,M009,CompC,188.71,158.39,2025-11-19
