product_id,merchant_id,competitor,competitor_price,merchant_price,date,price_gap,pct_diff,recommendation,suggested_price
P0001,M006,CompA,278.15,276.54,2025-11-19,1.6099999999999568,0.582194257611903,Keep Same,276.54
P0001,M006,CompB,258.59,276.54,2025-11-19,-17.950000000000045,-6.490923555362713,Decrease Price,262.71
P0001,M006,CompC,261.41,276.54,2025-11-19,-15.129999999999995,-5.471179576191507,Decrease Price,262.71
P0001,M005,CompA,236.4,211.64,2025-11-19,24.76000000000002,11.699111699111707,Increase Price,222.22
P0001,M005,CompB,200.07,211.64,2025-11-19,-11.569999999999993,-5.466830466830464,Decrease Price,201.06
P0001,M005,CompC,270.98,211.64,2025-11-19,59.34000000000003,28.038178038178057,Increase Price,222.22
P0001,M009,CompA,199.03,258.14,2025-11-19,-59.109999999999985,-22.89842721004106,Decrease Price,245.23
P0001,M009,CompB,283.22,258.14,2025-11-19,25.08000000000004,9.715658169985296,Increase Price,271.05
P0001,M009,CompC,258.58,258.14,2025-11-19,0.4399999999999977,0.1704501433330742,Keep Same,258.14
P0001,M001,CompA,198.99,242.61,2025-11-19,-43.620000000000005,-17.979473228638557,Decrease Price,230.48
P0001,M001,CompB,221.74,242.61,2025-11-19,-20.870000000000005,-8.602283500267921,Decrease Price,230.48
P0001,M001,CompC,273.29,242.61,2025-11-19,30.680000000000007,12.645810147974117,Increase Price,254.74
P0001,M004,CompA,288.4,215.03,2025-11-19,73.36999999999998,34.120820350648735,Increase Price,225.78
P0001,M004,CompB,258.15,215.03,2025-11-19,43.119999999999976,20.053015858252326,Increase Price,225.78
P0001,M004,CompC,237.73,215.03,2025-11-19,22.69999999999999,10.556666511649532,Increase Price,225.78
P0001,M012,CompA,230.73,221.66,2025-11-19,9.069999999999993,4.091852386537938,Keep Same,221.66
P0001,M012,CompB,221.71,221.66,2025-11-19,0.05000000000001137,0.02255706938555056,Keep Same,221.66
P0001,M012,CompC,241.73,221.66,2025-11-19,20.069999999999993,9.054407651357934,Increase Price,232.74
P0002,M003,CompA,276.54,309.67,2025-11-19,-33.129999999999995,-10.698485484548065,Decrease Price,294.19
P0002,M003,CompB,244.21,309.67,2025-11-19,-65.46000000000001,-21.138631446378405,Decrease Price,294.19
P0002,M003,CompC,289.08,309.67,2025-11-19,-20.590000000000032,-6.649013465947632,Decrease Price,294.19
P0002,M010,CompA,325.45,291.91,2025-11-19,33.539999999999964,11.489842759754705,Increase Price,306.51
P0002,M010,CompB,274.03,291.91,2025-11-19,-17.880000000000052,-6.125175567812014,Decrease Price,277.31
P0002,M010,CompC,303.97,291.91,2025-11-19,12.060000000000002,4.131410366208764,Keep Same,291.91
P0002,M012,CompA,265.72,286.07,2025-11-19,-20.349999999999966,-7.113643513825275,Decrease Price,271.77
P0002,M012,CompB,244.85,286.07,2025-11-19,-41.22,-14.40906071940434,Decrease Price,271.77
P0002,M012,CompC,239.99,286.07,2025-11-19,-46.079999999999984,-16.107945607718385,Decrease Price,271.77
P0002,M007,CompA,303.23,327.66,2025-11-19,-24.430000000000007,-7.455899407922849,Decrease Price,311.28
P0002,M007,CompB,327.45,327.66,2025-11-19,-0.21000000000003638,-0.06409082585608142,Keep Same,327.66
P0002,M007,CompC,261.63,327.66,2025-11-19,-66.03000000000003,-20.151986815601546,Decrease Price,311.28
P0002,M004,CompA,330.84,297.26,2025-11-19,33.579999999999984,11.296508107380738,Increase Price,312.12
P0002,M004,CompB,265.75,297.26,2025-11-19,-31.50999999999999,-10.6001480185696,Decrease Price,282.4
P0002,M004,CompC,249.43,297.26,2025-11-19,-47.829999999999984,-16.09029132745744,Decrease Price,282.4
P0002,M001,CompA,331.64,303.22,2025-11-19,28.41999999999996,9.372732669348974,Increase Price,318.38
P0002,M001,CompB,321.3,303.22,2025-11-19,18.079999999999984,5.9626673702262325,Increase Price,318.38
P0002,M001,CompC,320.97,303.22,2025-11-19,17.75,5.85383549897764,Increase Price,318.38
P0003,M007,CompA,273.85,259.68,2025-11-19,14.170000000000016,5.4567159581022855,Increase Price,272.66
P0003,M007,CompB,277.81,259.68,2025-11-19,18.129999999999995,6.98166974738139,Increase Price,272.66
P0003,M007,CompC,271.38,259.68,2025-11-19,11.699999999999989,4.5055452865064645,Keep Same,259.68
P0003,M011,CompA,232.73,292.56,2025-11-19,-59.83000000000001,-20.450505879135907,Decrease Price,277.93
P0003,M011,CompB,248.26,292.56,2025-11-19,-44.30000000000001,-15.142193054416191,Decrease Price,277.93
P0003,M011,CompC,245.31,292.56,2025-11-19,-47.25,-16.15053322395406,Decrease Price,277.93
P0003,M010,CompA,276.52,198.66,2025-11-19,77.85999999999999,39.19259035538104,Increase Price,208.59
P0003,M010,CompB,263.24,198.66,2025-11-19,64.58000000000001,32.50780227524414,Increase Price,208.59
P0003,M010,CompC,225.94,198.66,2025-11-19,27.28,13.732004429678849,Increase Price,208.59
P0003,M012,CompA,229.11,266.12,2025-11-19,-37.00999999999999,-13.907259882759654,Decrease Price,252.81
P0003,M012,CompB,259.59,266.12,2025-11-19,-6.53000000000003,-2.4537802495115097,Keep Same,266.12
P0003,M012,CompC,284.02,266.12,2025-11-19,17.899999999999977,6.726288892229062,Increase Price,279.43
P0003,M005,CompA,272.99,283.69,2025-11-19,-10.699999999999989,-3.7717226550107474,Keep Same,283.69
P0003,M005,CompB,256.92,283.69,2025-11-19,-26.769999999999982,-9.436356586414743,Decrease Price,269.51
P0003,M005,CompC,289.92,283.69,2025-11-19,6.230000000000018,2.196059078571687,Keep Same,283.69
P0003,M006,CompA,292.96,277.26,2025-11-19,15.699999999999989,5.6625550025247025,Increase Price,291.12
P0003,M006,CompB,225.09,277.26,2025-11-19,-52.16999999999999,-18.816273533867125,Decrease Price,263.4
P0003,M006,CompC,216.93,277.26,2025-11-19,-60.329999999999984,-21.759359446007352,Decrease Price,263.4
P0004,M005,CompA,70.28,54.12,2025-11-19,16.160000000000004,29.859571322985968,Increase Price,56.83
P0004,M005,CompB,69.19,54.12,2025-11-19,15.07,27.84552845528456,Increase Price,56.83
P0004,M005,CompC,55.3,54.12,2025-11-19,1.1799999999999997,2.1803399852180334,Keep Same,54.12
P0004,M006,CompA,58.96,64.21,2025-11-19,-5.249999999999993,-8.176296527020703,Decrease Price,61.0
P0004,M006,CompB,53.05,64.21,2025-11-19,-11.159999999999997,-17.380470331724027,Decrease Price,61.0
P0004,M006,CompC,59.43,64.21,2025-11-19,-4.779999999999994,-7.444323314125517,Decrease Price,61.0
P0004,M007,CompA,58.27,65.75,2025-11-19,-7.479999999999997,-11.376425855513302,Decrease Price,62.46
P0004,M007,CompB,69.8,65.75,2025-11-19,4.049999999999997,6.15969581749049,Increase Price,69.04
P0004,M007,CompC,58.85,65.75,2025-11-19,-6.899999999999999,-10.494296577946766,Decrease Price,62.46
P0004,M011,CompA,57.96,54.16,2025-11-19,3.8000000000000043,7.016248153618915,Increase Price,56.87
P0004,M011,CompB,71.31,54.16,2025-11-19,17.150000000000006,31.665435745937977,Increase Price,56.87
P0004,M011,CompC,62.19,54.16,2025-11-19,8.030000000000001,14.826440177252586,Increase Price,56.87
P0004,M002,CompA,64.9,68.68,2025-11-19,-3.780000000000001,-5.503785672684916,Decrease Price,65.25
P0004,M002,CompB,73.54,68.68,2025-11-19,4.859999999999999,7.076295864880604,Increase Price,72.11
P0004,M002,CompC,52.62,68.68,2025-11-19,-16.06000000000001,-23.383808969132218,Decrease Price,65.25
P0004,M003,CompA,62.91,69.23,2025-11-19,-6.320000000000007,-9.128990322114701,Decrease Price,65.77
P0004,M003,CompB,71.7,69.23,2025-11-19,2.469999999999999,3.5678174201935557,Keep Same,69.23
P0004,M003,CompC,60.06,69.23,2025-11-19,-9.170000000000002,-13.245702730030334,Decrease Price,65.77
P0005,M004,CompA,150.58,103.82,2025-11-19,46.76000000000002,45.039491427470644,Increase Price,109.01
P0005,M004,CompB,114.35,103.82,2025-11-19,10.530000000000001,10.142554421113466,Increase Price,109.01
P0005,M004,CompC,117.53,103.82,2025-11-19,13.710000000000008,13.205548063956856,Increase Price,109.01
P0005,M009,CompA,136.19,121.77,2025-11-19,14.420000000000002,11.841997207850868,Increase Price,127.86
P0005,M009,CompB,153.23,121.77,2025-11-19,31.459999999999994,25.83559168925022,Increase Price,127.86
P0005,M009,CompC,130.53,121.77,2025-11-19,8.760000000000005,7.193890120719393,Increase Price,127.86
P0005,M001,CompA,143.58,117.08,2025-11-19,26.500000000000014,22.634096344379923,Increase Price,122.93
P0005,M001,CompB,146.78,117.08,2025-11-19,29.700000000000003,25.367270242569184,Increase Price,122.93
P0005,M001,CompC,132.05,117.08,2025-11-19,14.970000000000013,12.7861291424667,Increase Price,122.93
P0005,M002,CompA,116.34,132.98,2025-11-19,-16.639999999999986,-12.513159873665202,Decrease Price,126.33
P0005,M002,CompB,139.48,132.98,2025-11-19,6.5,4.887953075650474,Keep Same,132.98
P0005,M002,CompC,107.64,132.98,2025-11-19,-25.33999999999999,-19.055497067228146,Decrease Price,126.33
P0005,M005,CompA,145.88,114.91,2025-11-19,30.97,26.951527282220866,Increase Price,120.66
P0005,M005,CompB,115.93,114.91,2025-11-19,1.0200000000000102,0.8876512052911062,Keep Same,114.91
P0005,M005,CompC,146.05,114.91,2025-11-19,31.140000000000015,27.0994691497694,Increase Price,120.66
P0005,M003,CompA,146.0,125.83,2025-11-19,20.17,16.02956369705158,Increase Price,132.12
P0005,M003,CompB,111.86,125.83,2025-11-19,-13.969999999999999,-11.10228085512199,Decrease Price,119.54
P0005,M003,CompC,138.46,125.83,2025-11-19,12.63000000000001,10.037351982833991,Increase Price,132.12
P0006,M009,CompA,317.76,247.13,2025-11-19,70.63,28.580099542750776,Increase Price,259.49
P0006,M009,CompB,257.92,247.13,2025-11-19,10.79000000000002,4.366123093108898,Keep Same,247.13
P0006,M009,CompC,222.38,247.13,2025-11-19,-24.75,-10.014971877149678,Decrease Price,234.77
P0006,M002,CompA,256.86,226.15,2025-11-19,30.710000000000008,13.579482644262661,Increase Price,237.46
P0006,M002,CompB,219.95,226.15,2025-11-19,-6.200000000000017,-2.741543223524217,Keep Same,226.15
P0006,M002,CompC,251.63,226.15,2025-11-19,25.47999999999999,11.266858279902713,Increase Price,237.46
P0006,M001,CompA,238.1,291.32,2025-11-19,-53.22,-18.268570643965397,Decrease Price,276.75
P0006,M001,CompB,288.09,291.32,2025-11-19,-3.230000000000018,-1.1087463957160573,Keep Same,291.32
P0006,M001,CompC,282.94,291.32,2025-11-19,-8.379999999999995,-2.8765618563778648,Keep Same,291.32
P0006,M003,CompA,289.81,231.23,2025-11-19,58.58000000000001,25.334082947714403,Increase Price,242.79
P0006,M003,CompB,253.91,231.23,2025-11-19,22.680000000000007,9.80841586299356,Increase Price,242.79
P0006,M003,CompC,231.76,231.23,2025-11-19,0.5300000000000011,0.22920901267136665,Keep Same,231.23
P0006,M010,CompA,279.03,245.09,2025-11-19,33.93999999999997,13.847974213554192,Increase Price,257.34
P0006,M010,CompB,235.67,245.09,2025-11-19,-9.420000000000016,-3.8434860663429826,Keep Same,245.09
P0006,M010,CompC,303.21,245.09,2025-11-19,58.119999999999976,23.71373781060018,Increase Price,257.34
P0006,M006,CompA,248.41,236.31,2025-11-19,12.099999999999994,5.120392704498326,Increase Price,248.13
P0006,M006,CompB,293.34,236.31,2025-11-19,57.02999999999997,24.13355338326773,Increase Price,248.13
P0006,M006,CompC,279.82,236.31,2025-11-19,43.50999999999999,18.41225508865473,Increase Price,248.13
P0007,M004,CompA,176.94,163.76,2025-11-19,13.180000000000007,8.048363458720083,Increase Price,171.95
P0007,M004,CompB,139.93,163.76,2025-11-19,-23.829999999999984,-14.551783097215429,Decrease Price,155.57
P0007,M004,CompC,171.61,163.76,2025-11-19,7.850000000000023,4.793600390815842,Keep Same,163.76
P0007,M006,CompA,131.18,133.78,2025-11-19,-2.5999999999999943,-1.9434893108087863,Keep Same,133.78
P0007,M006,CompB,174.26,133.78,2025-11-19,40.47999999999999,30.258633577515315,Increase Price,140.47
P0007,M006,CompC,172.56,133.78,2025-11-19,38.78,28.98789056660188,Increase Price,140.47
P0007,M005,CompA,133.45,136.28,2025-11-19,-2.8300000000000125,-2.076606985617855,Keep Same,136.28
P0007,M005,CompB,161.73,136.28,2025-11-19,25.44999999999999,18.67478720281772,Increase Price,143.09
P0007,M005,CompC,127.94,136.28,2025-11-19,-8.340000000000003,-6.119753448781922,Decrease Price,129.47
P0007,M003,CompA,153.93,155.03,2025-11-19,-1.0999999999999943,-0.7095400890150256,Keep Same,155.03
P0007,M003,CompB,130.08,155.03,2025-11-19,-24.94999999999999,-16.093659291749976,Decrease Price,147.28
P0007,M003,CompC,141.28,155.03,2025-11-19,-13.75,-8.869251112687866,Decrease Price,147.28
P0007,M008,CompA,122.61,150.3,2025-11-19,-27.690000000000012,-18.423153692614775,Decrease Price,142.78
P0007,M008,CompB,170.2,150.3,2025-11-19,19.899999999999977,13.240186294078493,Increase Price,157.82
P0007,M008,CompC,135.0,150.3,2025-11-19,-15.300000000000011,-10.179640718562881,Decrease Price,142.78
P0007,M007,CompA,123.25,143.73,2025-11-19,-20.47999999999999,-14.248938982814993,Decrease Price,136.54
P0007,M007,CompB,176.9,143.73,2025-11-19,33.170000000000016,23.077993459959657,Increase Price,150.92
P0007,M007,CompC,158.03,143.73,2025-11-19,14.300000000000011,9.94921032491478,Increase Price,150.92
P0008,M012,CompA,298.24,214.0,2025-11-19,84.24000000000001,39.36448598130842,Increase Price,224.7
P0008,M012,CompB,269.32,214.0,2025-11-19,55.31999999999999,25.850467289719624,Increase Price,224.7
P0008,M012,CompC,265.45,214.0,2025-11-19,51.44999999999999,24.04205607476635,Increase Price,224.7
P0008,M010,CompA,275.42,269.9,2025-11-19,5.520000000000039,2.0452019266395105,Keep Same,269.9
P0008,M010,CompB,241.38,269.9,2025-11-19,-28.519999999999982,-10.566876620970724,Decrease Price,256.4
P0008,M010,CompC,298.82,269.9,2025-11-19,28.920000000000016,10.715079659133018,Increase Price,283.39
P0008,M011,CompA,257.06,278.7,2025-11-19,-21.639999999999986,-7.76462145676354,Decrease Price,264.76
P0008,M011,CompB,295.26,278.7,2025-11-19,16.560000000000002,5.9418729817007545,Increase Price,292.63
P0008,M011,CompC,295.35,278.7,2025-11-19,16.650000000000034,5.974165769644792,Increase Price,292.63
P0008,M008,CompA,289.33,240.52,2025-11-19,48.809999999999974,20.29353068351903,Increase Price,252.55
P0008,M008,CompB,239.69,240.52,2025-11-19,-0.8300000000000125,-0.34508564776318496,Keep Same,240.52
P0008,M008,CompC,313.17,240.52,2025-11-19,72.65,30.205388325295196,Increase Price,252.55
P0008,M002,CompA,301.31,223.03,2025-11-19,78.28,35.09841725328432,Increase Price,234.18
P0008,M002,CompB,237.63,223.03,2025-11-19,14.599999999999994,6.546204546473566,Increase Price,234.18
P0008,M002,CompC,237.24,223.03,2025-11-19,14.210000000000008,6.371340178451333,Increase Price,234.18
P0008,M004,CompA,246.2,223.17,2025-11-19,23.03,10.319487386297443,Increase Price,234.33
P0008,M004,CompB,246.32,223.17,2025-11-19,23.150000000000006,10.373258054397997,Increase Price,234.33
P0008,M004,CompC,253.02,223.17,2025-11-19,29.850000000000023,13.37545369001211,Increase Price,234.33
P0009,M005,CompA,242.15,188.49,2025-11-19,53.66,28.468353758820093,Increase Price,197.91
P0009,M005,CompB,207.21,188.49,2025-11-19,18.72,9.931561356040106,Increase Price,197.91
P0009,M005,CompC,185.3,188.49,2025-11-19,-3.1899999999999977,-1.6923974746670896,Keep Same,188.49
P0009,M004,CompA,199.71,213.72,2025-11-19,-14.009999999999991,-6.5553060078607475,Decrease Price,203.03
P0009,M004,CompB,261.81,213.72,2025-11-19,48.09,22.501403705783268,Increase Price,224.41
P0009,M004,CompC,210.23,213.72,2025-11-19,-3.490000000000009,-1.6329777278682431,Keep Same,213.72
P0009,M007,CompA,239.43,171.46,2025-11-19,67.97,39.641898985186046,Increase Price,180.03
P0009,M007,CompB,259.57,171.46,2025-11-19,88.10999999999999,51.38807885221042,Increase Price,180.03
P0009,M007,CompC,253.43,171.46,2025-11-19,81.97,47.807068704070915,Increase Price,180.03
P0009,M009,CompA,194.69,228.5,2025-11-19,-33.81,-14.796498905908098,Decrease Price,217.07
P0009,M009,CompB,189.64,228.5,2025-11-19,-38.860000000000014,-17.006564551422326,Decrease Price,217.07
P0009,M009,CompC,225.73,228.5,2025-11-19,-2.7700000000000102,-1.2122538293216676,Keep Same,228.5
P0009,M008,CompA,190.6,233.17,2025-11-19,-42.56999999999999,-18.257065660247886,Decrease Price,221.51
P0009,M008,CompB,203.83,233.17,2025-11-19,-29.339999999999975,-12.583093880001705,Decrease Price,221.51
P0009,M008,CompC,201.72,233.17,2025-11-19,-31.44999999999999,-13.488013037697813,Decrease Price,221.51
P0009,M011,CompA,207.27,255.87,2025-11-19,-48.599999999999994,-18.994020400984873,Decrease Price,243.08
P0009,M011,CompB,221.67,255.87,2025-11-19,-34.20000000000002,-13.366162504396769,Decrease Price,243.08
P0009,M011,CompC,190.47,255.87,2025-11-19,-65.4,-25.559854613671007,Decrease Price,243.08
P0010,M008,CompA,75.49,63.74,2025-11-19,11.749999999999993,18.434264198305605,Increase Price,66.93
P0010,M008,CompB,91.46,63.74,2025-11-19,27.71999999999999,43.48917477251332,Increase Price,66.93
P0010,M008,CompC,76.18,63.74,2025-11-19,12.440000000000005,19.516786946972083,Increase Price,66.93
P0010,M010,CompA,69.38,85.58,2025-11-19,-16.200000000000003,-18.92965646179014,Decrease Price,81.3
P0010,M010,CompB,90.11,85.58,2025-11-19,4.530000000000001,5.293292825426503,Increase Price,89.86
P0010,M010,CompC,67.84,85.58,2025-11-19,-17.739999999999995,-20.729142322972653,Decrease Price,81.3
P0010,M006,CompA,87.14,89.13,2025-11-19,-1.9899999999999949,-2.232693818018619,Keep Same,89.13
P0010,M006,CompB,71.74,89.13,2025-11-19,-17.39,-19.510826882082352,Decrease Price,84.67
P0010,M006,CompC,77.58,89.13,2025-11-19,-11.549999999999997,-12.958599798047793,Decrease Price,84.67
P0010,M011,CompA,85.84,76.18,2025-11-19,9.659999999999997,12.680493567865575,Increase Price,79.99
P0010,M011,CompB,93.86,76.18,2025-11-19,17.679999999999993,23.20819112627985,Increase Price,79.99
P0010,M011,CompC,69.32,76.18,2025-11-19,-6.860000000000014,-9.004988185875575,Decrease Price,72.37
P0010,M007,CompA,72.13,87.97,2025-11-19,-15.840000000000003,-18.00613845629192,Decrease Price,83.57
P0010,M007,CompB,78.94,87.97,2025-11-19,-9.030000000000001,-10.264863021484597,Decrease Price,83.57
P0010,M007,CompC,96.48,87.97,2025-11-19,8.510000000000005,9.673752415596232,Increase Price,92.37
P0010,M001,CompA,78.46,71.0,2025-11-19,7.459999999999994,10.507042253521117,Increase Price,74.55
P0010,M001,CompB,93.0,71.0,2025-11-19,22.0,30.985915492957744,Increase Price,74.55
P0010,M001,CompC,91.41,71.0,2025-11-19,20.409999999999997,28.746478873239433,Increase Price,74.55
P0011,M008,CompA,235.49,294.29,2025-11-19,-58.80000000000001,-19.9802915491522,Decrease Price,279.58
P0011,M008,CompB,296.84,294.29,2025-11-19,2.5499999999999545,0.8664922355499522,Keep Same,294.29
P0011,M008,CompC,229.76,294.29,2025-11-19,-64.53000000000003,-21.927350572564485,Decrease Price,279.58
P0011,M004,CompA,240.36,309.61,2025-11-19,-69.25,-22.366848616000773,Decrease Price,294.13
P0011,M004,CompB,267.37,309.61,2025-11-19,-42.24000000000001,-13.642970188301415,Decrease Price,294.13
P0011,M004,CompC,285.75,309.61,2025-11-19,-23.860000000000014,-7.706469429282004,Decrease Price,294.13
P0011,M010,CompA,294.97,294.85,2025-11-19,0.12000000000000455,0.04069866033576549,Keep Same,294.85
P0011,M010,CompB,242.66,294.85,2025-11-19,-52.190000000000026,-17.700525691029345,Decrease Price,280.11
P0011,M010,CompC,263.55,294.85,2025-11-19,-31.30000000000001,-10.615567237578432,Decrease Price,280.11
P0011,M006,CompA,226.62,248.17,2025-11-19,-21.549999999999983,-8.683563686182852,Decrease Price,235.76
P0011,M006,CompB,295.61,248.17,2025-11-19,47.440000000000026,19.115928597332484,Increase Price,260.58
P0011,M006,CompC,311.82,248.17,2025-11-19,63.650000000000006,25.647741467542414,Increase Price,260.58
P0011,M012,CompA,237.34,312.87,2025-11-19,-75.53,-24.141017035829577,Decrease Price,297.23
P0011,M012,CompB,320.44,312.87,2025-11-19,7.569999999999993,2.4195352702400337,Keep Same,312.87
P0011,M012,CompC,235.48,312.87,2025-11-19,-77.39000000000001,-24.73551315242753,Decrease Price,297.23
P0011,M005,CompA,228.43,253.72,2025-11-19,-25.289999999999992,-9.967680908087653,Decrease Price,241.03
P0011,M005,CompB,251.12,253.72,2025-11-19,-2.5999999999999943,-1.0247516947816468,Keep Same,253.72
P0011,M005,CompC,256.66,253.72,2025-11-19,2.940000000000026,1.158757685637721,Keep Same,253.72
P0012,M003,CompA,329.49,305.05,2025-11-19,24.439999999999998,8.01180134404196,Increase Price,320.3
P0012,M003,CompB,307.75,305.05,2025-11-19,2.6999999999999886,0.8851008031470212,Keep Same,305.05
P0012,M003,CompC,306.42,305.05,2025-11-19,1.3700000000000045,0.44910670381904755,Keep Same,305.05
P0012,M011,CompA,318.37,339.22,2025-11-19,-20.850000000000023,-6.146453628913396,Decrease Price,322.26
P0012,M011,CompB,280.6,339.22,2025-11-19,-58.620000000000005,-17.280820706326278,Decrease Price,322.26
P0012,M011,CompC,301.65,339.22,2025-11-19,-37.57000000000005,-11.075408289605578,Decrease Price,322.26
P0012,M001,CompA,252.91,307.63,2025-11-19,-54.72,-17.787601989402855,Decrease Price,292.25
P0012,M001,CompB,317.44,307.63,2025-11-19,9.810000000000002,3.188895751389657,Keep Same,307.63
P0012,M001,CompC,270.38,307.63,2025-11-19,-37.25,-12.108702012157462,Decrease Price,292.25
P0012,M004,CompA,319.1,267.21,2025-11-19,51.89000000000004,19.41918341379441,Increase Price,280.57
P0012,M004,CompB,285.91,267.21,2025-11-19,18.700000000000045,6.998241083791792,Increase Price,280.57
P0012,M004,CompC,337.64,267.21,2025-11-19,70.43,26.35754649900828,Increase Price,280.57
P0012,M009,CompA,354.58,291.43,2025-11-19,63.14999999999998,21.66901142641457,Increase Price,306.0
P0012,M009,CompB,248.28,291.43,2025-11-19,-43.150000000000006,-14.8062999691178,Decrease Price,276.86
P0012,M009,CompC,315.35,291.43,2025-11-19,23.920000000000016,8.207802902926952,Increase Price,306.0
P0012,M007,CompA,338.76,245.7,2025-11-19,93.06,37.87545787545788,Increase Price,257.99
P0012,M007,CompB,339.1,245.7,2025-11-19,93.40000000000003,38.01383801383803,Increase Price,257.99
P0012,M007,CompC,341.1,245.7,2025-11-19,95.40000000000003,38.827838827838846,Increase Price,257.99
P0013,M011,CompA,37.1,39.07,2025-11-19,-1.9699999999999989,-5.042231891476834,Decrease Price,37.12
P0013,M011,CompB,48.53,39.07,2025-11-19,9.46,24.212951113386232,Increase Price,41.02
P0013,M011,CompC,34.11,39.07,2025-11-19,-4.960000000000001,-12.695162528794473,Decrease Price,37.12
P0013,M004,CompA,43.41,34.85,2025-11-19,8.559999999999995,24.56241032998564,Increase Price,36.59
P0013,M004,CompB,39.64,34.85,2025-11-19,4.789999999999999,13.744619799139166,Increase Price,36.59
P0013,M004,CompC,37.0,34.85,2025-11-19,2.1499999999999986,6.169296987087513,Increase Price,36.59
P0013,M007,CompA,45.88,38.56,2025-11-19,7.32,18.983402489626556,Increase Price,40.49
P0013,M007,CompB,40.35,38.56,2025-11-19,1.7899999999999991,4.642116182572612,Keep Same,38.56
P0013,M007,CompC,46.75,38.56,2025-11-19,8.189999999999998,21.239626556016592,Increase Price,40.49
P0013,M010,CompA,35.18,38.37,2025-11-19,-3.1899999999999977,-8.313786812614016,Decrease Price,36.45
P0013,M010,CompB,41.12,38.37,2025-11-19,2.75,7.167057597081053,Increase Price,40.29
P0013,M010,CompC,43.56,38.37,2025-11-19,5.190000000000005,13.526192337763893,Increase Price,40.29
P0013,M003,CompA,39.79,32.97,2025-11-19,6.82,20.685471640885655,Increase Price,34.62
P0013,M003,CompB,42.06,32.97,2025-11-19,9.090000000000003,27.570518653321212,Increase Price,34.62
P0013,M003,CompC,33.32,32.97,2025-11-19,0.3500000000000014,1.061571125265397,Keep Same,32.97
P0013,M009,CompA,42.79,32.79,2025-11-19,10.0,30.49710277523635,Increase Price,34.43
P0013,M009,CompB,43.03,32.79,2025-11-19,10.240000000000002,31.229033241842032,Increase Price,34.43
P0013,M009,CompC,38.1,32.79,2025-11-19,5.310000000000002,16.193961573650512,Increase Price,34.43
P0014,M005,CompA,232.95,183.83,2025-11-19,49.119999999999976,26.720339444051554,Increase Price,193.02
P0014,M005,CompB,256.18,183.83,2025-11-19,72.35,39.35701463308491,Increase Price,193.02
P0014,M005,CompC,207.28,183.83,2025-11-19,23.44999999999999,12.75635097644562,Increase Price,193.02
P0014,M011,CompA,195.58,171.12,2025-11-19,24.460000000000008,14.294062646096311,Increase Price,179.68
P0014,M011,CompB,214.87,171.12,2025-11-19,43.75,25.56685366993922,Increase Price,179.68
P0014,M011,CompC,223.67,171.12,2025-11-19,52.54999999999998,30.70944366526413,Increase Price,179.68
P0014,M010,CompA,216.42,218.23,2025-11-19,-1.8100000000000023,-0.8294001741282144,Keep Same,218.23
P0014,M010,CompB,231.75,218.23,2025-11-19,13.52000000000001,6.195298538239477,Increase Price,229.14
P0014,M010,CompC,236.65,218.23,2025-11-19,18.420000000000016,8.440636026210885,Increase Price,229.14
P0014,M007,CompA,240.26,176.1,2025-11-19,64.16,36.43384440658717,Increase Price,184.91
P0014,M007,CompB,195.48,176.1,2025-11-19,19.379999999999995,11.005110732538329,Increase Price,184.91
P0014,M007,CompC,205.45,176.1,2025-11-19,29.349999999999994,16.666666666666664,Increase Price,184.91
P0014,M009,CompA,257.35,235.73,2025-11-19,21.620000000000033,9.171509778136018,Increase Price,247.52
P0014,M009,CompB,201.33,235.73,2025-11-19,-34.39999999999998,-14.592966529504084,Decrease Price,223.94
P0014,M009,CompC,220.49,235.73,2025-11-19,-15.23999999999998,-6.4650235438849455,Decrease Price,223.94
P0014,M004,CompA,180.83,225.08,2025-11-19,-44.25,-19.65967655944553,Decrease Price,213.83
P0014,M004,CompB,190.69,225.08,2025-11-19,-34.390000000000015,-15.27901190687756,Decrease Price,213.83
P0014,M004,CompC,188.71,225.08,2025-11-19,-36.370000000000005,-16.15869912919851,Decrease Price,213.83
P0015,M008,CompA,258.52,315.23,2025-11-19,-56.710000000000036,-17.9900390191289,Decrease Price,299.47
P0015,M008,CompB,316.89,315.23,2025-11-19,1.6599999999999682,0.5265996256701355,Keep Same,315.23
P0015,M008,CompC,267.86,315.23,2025-11-19,-47.370000000000005,-15.027123053008914,Decrease Price,299.47
P0015,M010,CompA,291.64,339.4,2025-11-19,-47.75999999999999,-14.07189157336476,Decrease Price,322.43
P0015,M010,CompB,299.07,339.4,2025-11-19,-40.329999999999984,-11.882734236888624,Decrease Price,322.43
P0015,M010,CompC,336.64,339.4,2025-11-19,-2.759999999999991,-0.8131997642899208,Keep Same,339.4
P0015,M001,CompA,258.62,314.68,2025-11-19,-56.06,-17.814923096478964,Decrease Price,298.95
P0015,M001,CompB,294.14,314.68,2025-11-19,-20.54000000000002,-6.527265793822303,Decrease Price,298.95
P0015,M001,CompC,353.46,314.68,2025-11-19,38.77999999999997,12.32363035464598,Increase Price,330.41
P0015,M006,CompA,314.34,328.66,2025-11-19,-14.32000000000005,-4.35708635063593,Keep Same,328.66
P0015,M006,CompB,335.57,328.66,2025-11-19,6.909999999999968,2.1024767236657844,Keep Same,328.66
P0015,M006,CompC,298.32,328.66,2025-11-19,-30.340000000000032,-9.231424572506551,Decrease Price,312.23
P0015,M007,CompA,356.89,307.92,2025-11-19,48.96999999999997,15.903481423746419,Increase Price,323.32
P0015,M007,CompB,261.73,307.92,2025-11-19,-46.19,-15.000649519355674,Decrease Price,292.52
P0015,M007,CompC,303.91,307.92,2025-11-19,-4.009999999999991,-1.3022863081319793,Keep Same,307.92
P0015,M003,CompA,251.76,293.09,2025-11-19,-41.329999999999984,-14.101470538059976,Decrease Price,278.44
P0015,M003,CompB,354.47,293.09,2025-11-19,61.38000000000005,20.942372650039257,Increase Price,307.74
P0015,M003,CompC,343.29,293.09,2025-11-19,50.200000000000045,17.127844689344588,Increase Price,307.74
P0016,M004,CompA,241.67,199.0,2025-11-19,42.66999999999999,21.442211055276374,Increase Price,208.95
P0016,M004,CompB,182.65,199.0,2025-11-19,-16.349999999999994,-8.216080402010048,Decrease Price,189.05
P0016,M004,CompC,214.49,199.0,2025-11-19,15.490000000000009,7.783919597989954,Increase Price,208.95
P0016,M001,CompA,178.77,216.63,2025-11-19,-37.859999999999985,-17.476803766791296,Decrease Price,205.8
P0016,M001,CompB,199.32,216.63,2025-11-19,-17.310000000000002,-7.990583021742142,Decrease Price,205.8
P0016,M001,CompC,216.23,216.63,2025-11-19,-0.4000000000000057,-0.18464663250704227,Keep Same,216.63
P0016,M006,CompA,208.58,228.7,2025-11-19,-20.119999999999976,-8.797551377350231,Decrease Price,217.26
P0016,M006,CompB,199.11,228.7,2025-11-19,-29.589999999999975,-12.938347179711402,Decrease Price,217.26
P0016,M006,CompC,246.3,228.7,2025-11-19,17.600000000000023,7.695671184958471,Increase Price,240.13
P0016,M011,CompA,229.07,231.34,2025-11-19,-2.2700000000000102,-0.9812397337252574,Keep Same,231.34
P0016,M011,CompB,190.3,231.34,2025-11-19,-41.03999999999999,-17.740122763032762,Decrease Price,219.77
P0016,M011,CompC,245.04,231.34,2025-11-19,13.699999999999989,5.9220195383418295,Increase Price,242.91
P0016,M005,CompA,204.52,235.67,2025-11-19,-31.149999999999977,-13.217634828361682,Decrease Price,223.89
P0016,M005,CompB,179.17,235.67,2025-11-19,-56.5,-23.974201213561336,Decrease Price,223.89
P0016,M005,CompC,201.33,235.67,2025-11-19,-34.339999999999975,-14.571222472100809,Decrease Price,223.89
P0016,M012,CompA,227.97,214.21,2025-11-19,13.759999999999991,6.423603006395588,Increase Price,224.92
P0016,M012,CompB,192.3,214.21,2025-11-19,-21.909999999999997,-10.228280659166236,Decrease Price,203.5
P0016,M012,CompC,224.24,214.21,2025-11-19,10.030000000000001,4.682321086783997,Keep Same,214.21
P0017,M008,CompA,423.18,374.98,2025-11-19,48.19999999999999,12.854018881006985,Increase Price,393.73
P0017,M008,CompB,381.3,374.98,2025-11-19,6.319999999999993,1.6854232225718686,Keep Same,374.98
P0017,M008,CompC,321.61,374.98,2025-11-19,-53.370000000000005,-14.232759080484293,Decrease Price,356.23
P0017,M009,CompA,334.01,362.85,2025-11-19,-28.840000000000032,-7.948187956455845,Decrease Price,344.71
P0017,M009,CompB,341.57,362.85,2025-11-19,-21.28000000000003,-5.864682375637323,Decrease Price,344.71
P0017,M009,CompC,386.8,362.85,2025-11-19,23.94999999999999,6.600523632354964,Increase Price,380.99
P0017,M011,CompA,383.72,412.24,2025-11-19,-28.519999999999982,-6.918300019406167,Decrease Price,391.63
P0017,M011,CompB,426.34,412.24,2025-11-19,14.099999999999966,3.4203376673782175,Keep Same,412.24
P0017,M011,CompC,363.5,412.24,2025-11-19,-48.74000000000001,-11.823209780710268,Decrease Price,391.63
P0017,M001,CompA,338.4,372.55,2025-11-19,-34.150000000000034,-9.166554824855734,Decrease Price,353.92
P0017,M001,CompB,309.79,372.55,2025-11-19,-62.75999999999999,-16.8460609314186,Decrease Price,353.92
P0017,M001,CompC,342.53,372.55,2025-11-19,-30.02000000000004,-8.057978794792655,Decrease Price,353.92
P0017,M003,CompA,372.73,342.97,2025-11-19,29.75999999999999,8.677143773507884,Increase Price,360.12
P0017,M003,CompB,386.08,342.97,2025-11-19,43.10999999999996,12.56961250255123,Increase Price,360.12
P0017,M003,CompC,351.55,342.97,2025-11-19,8.579999999999984,2.5016765314750513,Keep Same,342.97
P0017,M006,CompA,410.17,379.95,2025-11-19,30.220000000000027,7.953678115541527,Increase Price,398.95
P0017,M006,CompB,333.36,379.95,2025-11-19,-46.589999999999975,-12.262139755230946,Decrease Price,360.95
P0017,M006,CompC,410.99,379.95,2025-11-19,31.04000000000002,8.169495986313995,Increase Price,398.95
P0018,M007,CompA,279.74,328.2,2025-11-19,-48.45999999999998,-14.76538695917123,Decrease Price,311.79
P0018,M007,CompB,295.36,328.2,2025-11-19,-32.839999999999975,-10.006093845216324,Decrease Price,311.79
P0018,M007,CompC,363.65,328.2,2025-11-19,35.44999999999999,10.80134064594759,Increase Price,344.61
P0018,M004,CompA,374.05,286.2,2025-11-19,87.85000000000002,30.69531795946891,Increase Price,300.51
P0018,M004,CompB,297.39,286.2,2025-11-19,11.189999999999998,3.9098532494758906,Keep Same,286.2
P0018,M004,CompC,313.74,286.2,2025-11-19,27.54000000000002,9.62264150943397,Increase Price,300.51
P0018,M005,CompA,385.65,292.79,2025-11-19,92.85999999999996,31.715564056149443,Increase Price,307.43
P0018,M005,CompB,366.3,292.79,2025-11-19,73.50999999999999,25.10673178728781,Increase Price,307.43
P0018,M005,CompC,314.85,292.79,2025-11-19,22.060000000000002,7.534410328221592,Increase Price,307.43
P0018,M001,CompA,280.66,358.23,2025-11-19,-77.57,-21.6536861792703,Decrease Price,340.32
P0018,M001,CompB,382.36,358.23,2025-11-19,24.129999999999995,6.735895932780614,Increase Price,376.14
P0018,M001,CompC,289.79,358.23,2025-11-19,-68.44,-19.105044245317252,Decrease Price,340.32
P0018,M011,CompA,372.66,373.12,2025-11-19,-0.45999999999997954,-0.12328473413378525,Keep Same,373.12
P0018,M011,CompB,388.97,373.12,2025-11-19,15.850000000000023,4.247963121783883,Keep Same,373.12
P0018,M011,CompC,373.04,373.12,2025-11-19,-0.07999999999998408,-0.021440823327611512,Keep Same,373.12
P0018,M009,CompA,307.36,333.21,2025-11-19,-25.849999999999966,-7.7578704120524495,Decrease Price,316.55
P0018,M009,CompB,378.49,333.21,2025-11-19,45.28000000000003,13.589027940337935,Increase Price,349.87
P0018,M009,CompC,380.38,333.21,2025-11-19,47.170000000000016,14.156237807988962,Increase Price,349.87
P0019,M011,CompA,149.13,130.22,2025-11-19,18.909999999999997,14.521578866533554,Increase Price,136.73
P0019,M011,CompB,122.79,130.22,2025-11-19,-7.429999999999993,-5.705728766702498,Decrease Price,123.71
P0019,M011,CompC,150.61,130.22,2025-11-19,20.390000000000015,15.65811703271388,Increase Price,136.73
P0019,M010,CompA,119.13,145.43,2025-11-19,-26.30000000000001,-18.084301725916255,Decrease Price,138.16
P0019,M010,CompB,130.84,145.43,2025-11-19,-14.590000000000003,-10.032317953654681,Decrease Price,138.16
P0019,M010,CompC,104.49,145.43,2025-11-19,-40.94000000000001,-28.151000481331234,Decrease Price,138.16
P0019,M001,CompA,134.18,110.03,2025-11-19,24.150000000000006,21.948559483777156,Increase Price,115.53
P0019,M001,CompB,142.02,110.03,2025-11-19,31.99000000000001,29.073888939380176,Increase Price,115.53
P0019,M001,CompC,146.38,110.03,2025-11-19,36.349999999999994,33.03644460601654,Increase Price,115.53
P0019,M003,CompA,148.4,138.31,2025-11-19,10.090000000000003,7.2952064203600635,Increase Price,145.23
P0019,M003,CompB,138.29,138.31,2025-11-19,-0.020000000000010232,-0.014460270407064008,Keep Same,138.31
P0019,M003,CompC,135.5,138.31,2025-11-19,-2.8100000000000023,-2.0316679921914558,Keep Same,138.31
P0019,M007,CompA,130.57,134.65,2025-11-19,-4.0800000000000125,-3.0300779799480226,Keep Same,134.65
P0019,M007,CompB,133.34,134.65,2025-11-19,-1.3100000000000023,-0.9728926847382118,Keep Same,134.65
P0019,M007,CompC,141.78,134.65,2025-11-19,7.1299999999999955,5.295209803193461,Increase Price,141.38
P0019,M002,CompA,118.23,144.87,2025-11-19,-26.64,-18.3889003934562,Decrease Price,137.63
P0019,M002,CompB,112.52,144.87,2025-11-19,-32.35000000000001,-22.33036515496653,Decrease Price,137.63
P0019,M002,CompC,137.22,144.87,2025-11-19,-7.650000000000006,-5.280596396769521,Decrease Price,137.63
P0020,M008,CompA,87.53,72.1,2025-11-19,15.430000000000007,21.400832177531218,Increase Price,75.7
P0020,M008,CompB,82.99,72.1,2025-11-19,10.89,15.104022191400833,Increase Price,75.7
P0020,M008,CompC,84.69,72.1,2025-11-19,12.590000000000003,17.4618585298197,Increase Price,75.7
P0020,M005,CompA,74.8,84.8,2025-11-19,-10.0,-11.79245283018868,Decrease Price,80.56
P0020,M005,CompB,89.85,84.8,2025-11-19,5.049999999999997,5.955188679245279,Increase Price,89.04
P0020,M005,CompC,78.94,84.8,2025-11-19,-5.859999999999999,-6.910377358490566,Decrease Price,80.56
P0020,M004,CompA,94.02,77.3,2025-11-19,16.72,21.63001293661061,Increase Price,81.17
P0020,M004,CompB,75.62,77.3,2025-11-19,-1.6799999999999926,-2.173350582147468,Keep Same,77.3
P0020,M004,CompC,75.58,77.3,2025-11-19,-1.7199999999999989,-2.2250970245795587,Keep Same,77.3
P0020,M007,CompA,72.17,77.04,2025-11-19,-4.8700000000000045,-6.321391484942892,Decrease Price,73.19
P0020,M007,CompB,101.41,77.04,2025-11-19,24.36999999999999,31.632917964693654,Increase Price,80.89
P0020,M007,CompC,90.9,77.04,2025-11-19,13.86,17.990654205607473,Increase Price,80.89
P0020,M003,CompA,86.75,88.29,2025-11-19,-1.5400000000000063,-1.7442518971571028,Keep Same,88.29
P0020,M003,CompB,89.48,88.29,2025-11-19,1.1899999999999977,1.3478310114395715,Keep Same,88.29
P0020,M003,CompC,82.36,88.29,2025-11-19,-5.930000000000007,-6.716502435156876,Decrease Price,83.88
P0020,M002,CompA,81.02,92.34,2025-11-19,-11.320000000000007,-12.259042668399402,Decrease Price,87.72
P0020,M002,CompB,77.78,92.34,2025-11-19,-14.560000000000002,-15.767814598223955,Decrease Price,87.72
P0020,M002,CompC,76.58,92.34,2025-11-19,-15.760000000000005,-17.06735975741824,Decrease Price,87.72
P0021,M006,CompA,37.19,36.67,2025-11-19,0.519999999999996,1.418052904281418,Keep Same,36.67
P0021,M006,CompB,38.96,36.67,2025-11-19,2.289999999999999,6.244886828470136,Increase Price,38.5
P0021,M006,CompC,32.45,36.67,2025-11-19,-4.219999999999999,-11.508044723206977,Decrease Price,34.84
P0021,M007,CompA,34.22,32.51,2025-11-19,1.7100000000000009,5.2599200246078155,Increase Price,34.14
P0021,M007,CompB,35.96,32.51,2025-11-19,3.450000000000003,10.612119347892964,Increase Price,34.14
P0021,M007,CompC,36.38,32.51,2025-11-19,3.8700000000000045,11.904029529375592,Increase Price,34.14
P0021,M002,CompA,42.12,32.47,2025-11-19,9.649999999999999,29.719741299661223,Increase Price,34.09
P0021,M002,CompB,38.87,32.47,2025-11-19,6.399999999999999,19.710502001847857,Increase Price,34.09
P0021,M002,CompC,45.69,32.47,2025-11-19,13.219999999999999,40.714505697566985,Increase Price,34.09
P0021,M001,CompA,45.46,41.33,2025-11-19,4.130000000000003,9.992741350108886,Increase Price,43.4
P0021,M001,CompB,31.23,41.33,2025-11-19,-10.099999999999998,-24.437454633438175,Decrease Price,39.26
P0021,M001,CompC,40.89,41.33,2025-11-19,-0.4399999999999977,-1.0646019840309648,Keep Same,41.33
P0021,M010,CompA,44.34,35.79,2025-11-19,8.550000000000004,23.889354568315184,Increase Price,37.58
P0021,M010,CompB,40.08,35.79,2025-11-19,4.289999999999999,11.98658843252305,Increase Price,37.58
P0021,M010,CompC,40.19,35.79,2025-11-19,4.399999999999999,12.293936853869793,Increase Price,37.58
P0021,M008,CompA,41.09,43.31,2025-11-19,-2.219999999999999,-5.125836989148,Decrease Price,41.14
P0021,M008,CompB,35.8,43.31,2025-11-19,-7.510000000000005,-17.340106211036723,Decrease Price,41.14
P0021,M008,CompC,44.51,43.31,2025-11-19,1.1999999999999957,2.770722696836748,Keep Same,43.31
P0022,M005,CompA,403.57,361.27,2025-11-19,42.30000000000001,11.708694328341688,Increase Price,379.33
P0022,M005,CompB,364.59,361.27,2025-11-19,3.319999999999993,0.9189802640684235,Keep Same,361.27
P0022,M005,CompC,459.76,361.27,2025-11-19,98.49000000000001,27.262158496415427,Increase Price,379.33
P0022,M012,CompA,378.54,427.32,2025-11-19,-48.77999999999997,-11.415332771693338,Decrease Price,405.95
P0022,M012,CompB,443.33,427.32,2025-11-19,16.00999999999999,3.7466067584011964,Keep Same,427.32
P0022,M012,CompC,389.23,427.32,2025-11-19,-38.089999999999975,-8.913694655059434,Decrease Price,405.95
P0022,M004,CompA,457.79,309.48,2025-11-19,148.31,47.92232131317048,Increase Price,324.95
P0022,M004,CompB,350.92,309.48,2025-11-19,41.44,13.390202921028822,Increase Price,324.95
P0022,M004,CompC,399.58,309.48,2025-11-19,90.09999999999997,29.113351428202133,Increase Price,324.95
P0022,M001,CompA,347.11,446.42,2025-11-19,-99.31,-22.245867120648715,Decrease Price,424.1
P0022,M001,CompB,466.57,446.42,2025-11-19,20.149999999999977,4.51368666278392,Keep Same,446.42
P0022,M001,CompC,403.23,446.42,2025-11-19,-43.19,-9.674745755118497,Decrease Price,424.1
P0022,M009,CompA,331.68,303.95,2025-11-19,27.730000000000018,9.123211054449751,Increase Price,319.15
P0022,M009,CompB,423.27,303.95,2025-11-19,119.32,39.256456654054944,Increase Price,319.15
P0022,M009,CompC,438.9,303.95,2025-11-19,134.95,44.39874979437407,Increase Price,319.15
P0022,M006,CompA,386.0,433.81,2025-11-19,-47.81,-11.020953873815726,Decrease Price,412.12
P0022,M006,CompB,337.5,433.81,2025-11-19,-96.31,-22.200963555473592,Decrease Price,412.12
P0022,M006,CompC,403.19,433.81,2025-11-19,-30.620000000000005,-7.058389617574515,Decrease Price,412.12
P0023,M005,CompA,329.54,338.18,2025-11-19,-8.639999999999986,-2.5548524454432506,Keep Same,338.18
P0023,M005,CompB,314.93,338.18,2025-11-19,-23.25,-6.875036962564315,Decrease Price,321.27
P0023,M005,CompC,348.24,338.18,2025-11-19,10.060000000000002,2.9747471760600868,Keep Same,338.18
P0023,M001,CompA,258.93,312.12,2025-11-19,-53.19,-17.041522491349482,Decrease Price,296.51
P0023,M001,CompB,293.64,312.12,2025-11-19,-18.480000000000018,-5.920799692425996,Decrease Price,296.51
P0023,M001,CompC,279.15,312.12,2025-11-19,-32.97000000000003,-10.563244905805467,Decrease Price,296.51
P0023,M003,CompA,247.63,237.2,2025-11-19,10.430000000000007,4.397133220910627,Keep Same,237.2
P0023,M003,CompB,331.7,237.2,2025-11-19,94.5,39.839797639123105,Increase Price,249.06
P0023,M003,CompC,304.87,237.2,2025-11-19,67.67000000000002,28.52866779089377,Increase Price,249.06
P0023,M010,CompA,267.33,292.59,2025-11-19,-25.25999999999999,-8.633241054034652,Decrease Price,277.96
P0023,M010,CompB,270.85,292.59,2025-11-19,-21.739999999999952,-7.430192419426486,Decrease Price,277.96
P0023,M010,CompC,285.55,292.59,2025-11-19,-7.039999999999964,-2.406097269216297,Keep Same,292.59
P0023,M012,CompA,290.66,298.87,2025-11-19,-8.20999999999998,-2.7470137517984337,Keep Same,298.87
P0023,M012,CompB,243.38,298.87,2025-11-19,-55.49000000000001,-18.566600863251583,Decrease Price,283.93
P0023,M012,CompC,317.97,298.87,2025-11-19,19.100000000000023,6.390738448154723,Increase Price,313.81
P0023,M006,CompA,314.34,288.03,2025-11-19,26.310000000000002,9.13446515987918,Increase Price,302.43
P0023,M006,CompB,311.72,288.03,2025-11-19,23.690000000000055,8.224837690518369,Increase Price,302.43
P0023,M006,CompC,327.36,288.03,2025-11-19,39.33000000000004,13.654827622122712,Increase Price,302.43
P0024,M010,CompA,209.55,257.55,2025-11-19,-48.0,-18.6371578334304,Decrease Price,244.67
P0024,M010,CompB,291.13,257.55,2025-11-19,33.579999999999984,13.038245000970678,Increase Price,270.43
P0024,M010,CompC,212.75,257.55,2025-11-19,-44.80000000000001,-17.394680644535047,Decrease Price,244.67
P0024,M011,CompA,231.37,265.75,2025-11-19,-34.379999999999995,-12.936970837253057,Decrease Price,252.46
P0024,M011,CompB,210.88,265.75,2025-11-19,-54.870000000000005,-20.647224835371592,Decrease Price,252.46
P0024,M011,CompC,275.6,265.75,2025-11-19,9.850000000000023,3.7064910630291714,Keep Same,265.75
P0024,M006,CompA,240.31,232.45,2025-11-19,7.860000000000014,3.38137233813724,Keep Same,232.45
P0024,M006,CompB,265.64,232.45,2025-11-19,33.19,14.278339427833941,Increase Price,244.07
P0024,M006,CompC,247.83,232.45,2025-11-19,15.380000000000024,6.616476661647678,Increase Price,244.07
P0024,M002,CompA,215.64,241.58,2025-11-19,-25.940000000000026,-10.73764384468914,Decrease Price,229.5
P0024,M002,CompB,239.91,241.58,2025-11-19,-1.670000000000016,-0.6912823909264078,Keep Same,241.58
P0024,M002,CompC,278.68,241.58,2025-11-19,37.099999999999994,15.35723155890388,Increase Price,253.66
P0024,M004,CompA,294.19,242.75,2025-11-19,51.44,21.190525231719874,Increase Price,254.89
P0024,M004,CompB,216.37,242.75,2025-11-19,-26.379999999999995,-10.867147270854787,Decrease Price,230.61
P0024,M004,CompC,267.22,242.75,2025-11-19,24.470000000000027,10.08032955715758,Increase Price,254.89
P0024,M012,CompA,278.44,277.88,2025-11-19,0.5600000000000023,0.20152583849143596,Keep Same,277.88
P0024,M012,CompB,272.18,277.88,2025-11-19,-5.699999999999989,-2.051245141787818,Keep Same,277.88
P0024,M012,CompC,238.21,277.88,2025-11-19,-39.66999999999999,-14.275946451705767,Decrease Price,263.99
P0025,M008,CompA,407.68,388.43,2025-11-19,19.25,4.955847900522617,Keep Same,388.43
P0025,M008,CompB,341.99,388.43,2025-11-19,-46.44,-11.955822155858197,Decrease Price,369.01
P0025,M008,CompC,324.01,388.43,2025-11-19,-64.42000000000002,-16.584712818268418,Decrease Price,369.01
P0025,M009,CompA,404.96,394.99,2025-11-19,9.96999999999997,2.5241145345451708,Keep Same,394.99
P0025,M009,CompB,467.3,394.99,2025-11-19,72.31,18.306792577027267,Increase Price,414.74
P0025,M009,CompC,369.59,394.99,2025-11-19,-25.400000000000034,-6.430542545380905,Decrease Price,375.24
P0025,M010,CompA,460.69,418.06,2025-11-19,42.629999999999995,10.197100894608429,Increase Price,438.96
P0025,M010,CompB,375.55,418.06,2025-11-19,-42.50999999999999,-10.168396880830501,Decrease Price,397.16
P0025,M010,CompC,386.02,418.06,2025-11-19,-32.04000000000002,-7.66397167870641,Decrease Price,397.16
P0025,M004,CompA,401.21,402.49,2025-11-19,-1.2800000000000296,-0.3180203234863051,Keep Same,402.49
P0025,M004,CompB,347.73,402.49,2025-11-19,-54.75999999999999,-13.605306964148175,Decrease Price,382.37
P0025,M004,CompC,356.83,402.49,2025-11-19,-45.660000000000025,-11.344381226862785,Decrease Price,382.37
P0025,M011,CompA,352.81,431.21,2025-11-19,-78.39999999999998,-18.18139653533081,Decrease Price,409.65
P0025,M011,CompB,350.83,431.21,2025-11-19,-80.38,-18.640569560075136,Decrease Price,409.65
P0025,M011,CompC,444.89,431.21,2025-11-19,13.680000000000007,3.1724681709607863,Keep Same,431.21
P0025,M012,CompA,452.76,433.87,2025-11-19,18.889999999999986,4.353838707446927,Keep Same,433.87
P0025,M012,CompB,465.07,433.87,2025-11-19,31.19999999999999,7.191094106529603,Increase Price,455.56
P0025,M012,CompC,474.5,433.87,2025-11-19,40.629999999999995,9.364556203471084,Increase Price,455.56
P0026,M010,CompA,183.48,193.66,2025-11-19,-10.180000000000007,-5.256635340287104,Decrease Price,183.98
P0026,M010,CompB,166.52,193.66,2025-11-19,-27.139999999999986,-14.014251781472678,Decrease Price,183.98
P0026,M010,CompC,168.87,193.66,2025-11-19,-24.789999999999992,-12.800784880718782,Decrease Price,183.98
P0026,M006,CompA,198.41,207.02,2025-11-19,-8.610000000000014,-4.159018452323453,Keep Same,207.02
P0026,M006,CompB,186.54,207.02,2025-11-19,-20.480000000000018,-9.89276398415613,Decrease Price,196.67
P0026,M006,CompC,171.15,207.02,2025-11-19,-35.870000000000005,-17.32682832576563,Decrease Price,196.67
P0026,M004,CompA,169.01,201.7,2025-11-19,-32.69,-16.207238472979675,Decrease Price,191.61
P0026,M004,CompB,208.46,201.7,2025-11-19,6.760000000000019,3.3515121467526123,Keep Same,201.7
P0026,M004,CompC,229.78,201.7,2025-11-19,28.080000000000013,13.921665840356972,Increase Price,211.78
P0026,M011,CompA,195.64,176.05,2025-11-19,19.589999999999975,11.127520590741252,Increase Price,184.85
P0026,M011,CompB,208.22,176.05,2025-11-19,32.16999999999999,18.273217835842082,Increase Price,184.85
P0026,M011,CompC,184.62,176.05,2025-11-19,8.569999999999993,4.86793524566884,Keep Same,176.05
P0026,M003,CompA,204.36,196.28,2025-11-19,8.080000000000013,4.116568167923381,Keep Same,196.28
P0026,M003,CompB,189.09,196.28,2025-11-19,-7.189999999999998,-3.6631342979417147,Keep Same,196.28
P0026,M003,CompC,185.43,196.28,2025-11-19,-10.849999999999994,-5.527817403708984,Decrease Price,186.47
P0026,M007,CompA,161.77,184.44,2025-11-19,-22.669999999999987,-12.29126003036217,Decrease Price,175.22
P0026,M007,CompB,180.1,184.44,2025-11-19,-4.340000000000003,-2.3530687486445476,Keep Same,184.44
P0026,M007,CompC,178.23,184.44,2025-11-19,-6.210000000000008,-3.366948601171117,Keep Same,184.44
P0027,M010,CompA,354.07,290.9,2025-11-19,63.170000000000016,21.715366105190796,Increase Price,305.44
P0027,M010,CompB,269.79,290.9,2025-11-19,-21.109999999999957,-7.256789274664819,Decrease Price,276.35
P0027,M010,CompC,341.28,290.9,2025-11-19,50.379999999999995,17.31866620831901,Increase Price,305.44
P0027,M001,CompA,309.02,343.65,2025-11-19,-34.629999999999995,-10.077113342063145,Decrease Price,326.47
P0027,M001,CompB,296.59,343.65,2025-11-19,-47.06,-13.69416557544013,Decrease Price,326.47
P0027,M001,CompC,290.23,343.65,2025-11-19,-53.41999999999996,-15.544885784955612,Decrease Price,326.47
P0027,M006,CompA,274.74,304.7,2025-11-19,-29.95999999999998,-9.832622251394808,Decrease Price,289.46
P0027,M006,CompB,326.19,304.7,2025-11-19,21.49000000000001,7.052838857893012,Increase Price,319.94
P0027,M006,CompC,354.27,304.7,2025-11-19,49.56999999999999,16.26846078109616,Increase Price,319.94
P0027,M012,CompA,270.47,341.36,2025-11-19,-70.88999999999999,-20.76693227091633,Decrease Price,324.29
P0027,M012,CompB,318.07,341.36,2025-11-19,-23.29000000000002,-6.822709163346619,Decrease Price,324.29
P0027,M012,CompC,285.18,341.36,2025-11-19,-56.18000000000001,-16.457698617295524,Decrease Price,324.29
P0027,M009,CompA,262.88,344.66,2025-11-19,-81.78000000000003,-23.72773167759532,Decrease Price,327.43
P0027,M009,CompB,262.75,344.66,2025-11-19,-81.91000000000003,-23.765450008704235,Decrease Price,327.43
P0027,M009,CompC,255.98,344.66,2025-11-19,-88.68000000000004,-25.729704636453327,Decrease Price,327.43
P0027,M011,CompA,257.48,299.39,2025-11-19,-41.90999999999997,-13.998463542536479,Decrease Price,284.42
P0027,M011,CompB,323.24,299.39,2025-11-19,23.850000000000023,7.966197935802807,Increase Price,314.36
P0027,M011,CompC,302.13,299.39,2025-11-19,2.740000000000009,0.9151942282641401,Keep Same,299.39
P0028,M012,CompA,257.07,279.13,2025-11-19,-22.060000000000002,-7.903127574965072,Decrease Price,265.17
P0028,M012,CompB,256.29,279.13,2025-11-19,-22.839999999999975,-8.18256726256582,Decrease Price,265.17
P0028,M012,CompC,300.02,279.13,2025-11-19,20.889999999999986,7.483968043563927,Increase Price,293.09
P0028,M005,CompA,278.55,237.43,2025-11-19,41.120000000000005,17.31878869561555,Increase Price,249.3
P0028,M005,CompB,239.23,237.43,2025-11-19,1.799999999999983,0.7581181822010625,Keep Same,237.43
P0028,M005,CompC,225.54,237.43,2025-11-19,-11.890000000000015,-5.007791770205962,Decrease Price,225.56
P0028,M002,CompA,274.52,266.25,2025-11-19,8.269999999999982,3.1061032863849696,Keep Same,266.25
P0028,M002,CompB,232.04,266.25,2025-11-19,-34.21000000000001,-12.848826291079815,Decrease Price,252.94
P0028,M002,CompC,248.73,266.25,2025-11-19,-17.52000000000001,-6.580281690140849,Decrease Price,252.94
P0028,M003,CompA,242.2,241.11,2025-11-19,1.089999999999975,0.4520758160175749,Keep Same,241.11
P0028,M003,CompB,252.32,241.11,2025-11-19,11.20999999999998,4.649330181245066,Keep Same,241.11
P0028,M003,CompC,267.74,241.11,2025-11-19,26.629999999999995,11.044751358301188,Increase Price,253.17
P0028,M009,CompA,281.56,273.53,2025-11-19,8.03000000000003,2.93569261141375,Keep Same,273.53
P0028,M009,CompB,263.07,273.53,2025-11-19,-10.45999999999998,-3.8240777976821483,Keep Same,273.53
P0028,M009,CompC,220.02,273.53,2025-11-19,-53.50999999999996,-19.56275362848681,Decrease Price,259.85
P0028,M008,CompA,246.95,241.47,2025-11-19,5.47999999999999,2.2694330558661493,Keep Same,241.47
P0028,M008,CompB,221.3,241.47,2025-11-19,-20.169999999999987,-8.353004514018298,Decrease Price,229.4
P0028,M008,CompC,295.21,241.47,2025-11-19,53.73999999999998,22.255352631796903,Increase Price,253.54
P0029,M007,CompA,305.74,317.16,2025-11-19,-11.420000000000016,-3.600706268129655,Keep Same,317.16
P0029,M007,CompB,278.77,317.16,2025-11-19,-38.39000000000004,-12.10430066843235,Decrease Price,301.3
P0029,M007,CompC,265.44,317.16,2025-11-19,-51.72000000000003,-16.30722663639804,Decrease Price,301.3
P0029,M010,CompA,279.21,237.12,2025-11-19,42.089999999999975,17.750506072874483,Increase Price,248.98
P0029,M010,CompB,233.81,237.12,2025-11-19,-3.3100000000000023,-1.3959176788124166,Keep Same,237.12
P0029,M010,CompC,266.58,237.12,2025-11-19,29.45999999999998,12.424089068825902,Increase Price,248.98
P0029,M006,CompA,249.19,218.31,2025-11-19,30.879999999999995,14.145023132243137,Increase Price,229.23
P0029,M006,CompB,324.1,218.31,2025-11-19,105.79000000000002,48.458613897668464,Increase Price,229.23
P0029,M006,CompC,265.7,218.31,2025-11-19,47.389999999999986,21.707663414410693,Increase Price,229.23
P0029,M004,CompA,275.68,263.93,2025-11-19,11.75,4.451938013867314,Keep Same,263.93
P0029,M004,CompB,232.06,263.93,2025-11-19,-31.870000000000005,-12.075171446974577,Decrease Price,250.73
P0029,M004,CompC,331.89,263.93,2025-11-19,67.95999999999998,25.74925169552532,Increase Price,277.13
P0029,M001,CompA,302.3,248.37,2025-11-19,53.93000000000001,21.713572492652094,Increase Price,260.79
P0029,M001,CompB,282.81,248.37,2025-11-19,34.44,13.866408986592582,Increase Price,260.79
P0029,M001,CompC,315.76,248.37,2025-11-19,67.38999999999999,27.13290655071063,Increase Price,260.79
P0029,M011,CompA,255.23,302.96,2025-11-19,-47.72999999999999,-15.754555056773171,Decrease Price,287.81
P0029,M011,CompB,285.27,302.96,2025-11-19,-17.689999999999998,-5.839054660681278,Decrease Price,287.81
P0029,M011,CompC,245.67,302.96,2025-11-19,-57.28999999999999,-18.91008714021653,Decrease Price,287.81
P0030,M007,CompA,294.43,250.66,2025-11-19,43.77000000000001,17.461900582462302,Increase Price,263.19
P0030,M007,CompB,313.73,250.66,2025-11-19,63.07000000000002,25.1615734461023,Increase Price,263.19
P0030,M007,CompC,279.94,250.66,2025-11-19,29.28,11.681161733024815,Increase Price,263.19
P0030,M008,CompA,321.33,251.82,2025-11-19,69.50999999999999,27.603049797474384,Increase Price,264.41
P0030,M008,CompB,279.91,251.82,2025-11-19,28.090000000000032,11.154793106186972,Increase Price,264.41
P0030,M008,CompC,262.59,251.82,2025-11-19,10.769999999999982,4.276864426971639,Keep Same,251.82
P0030,M005,CompA,276.78,303.9,2025-11-19,-27.120000000000005,-8.923988153998028,Decrease Price,288.7
P0030,M005,CompB,276.28,303.9,2025-11-19,-27.620000000000005,-9.088515959197107,Decrease Price,288.7
P0030,M005,CompC,289.22,303.9,2025-11-19,-14.67999999999995,-4.830536360644933,Keep Same,303.9
P0030,M012,CompA,239.92,265.12,2025-11-19,-25.200000000000017,-9.505129752564882,Decrease Price,251.86
P0030,M012,CompB,242.74,265.12,2025-11-19,-22.379999999999995,-8.441460470730233,Decrease Price,251.86
P0030,M012,CompC,233.36,265.12,2025-11-19,-31.75999999999999,-11.979480989740491,Decrease Price,251.86
P0030,M003,CompA,247.61,280.13,2025-11-19,-32.51999999999998,-11.608895869774742,Decrease Price,266.12
P0030,M003,CompB,245.0,280.13,2025-11-19,-35.129999999999995,-12.540606147145967,Decrease Price,266.12
P0030,M003,CompC,263.58,280.13,2025-11-19,-16.55000000000001,-5.907971299039735,Decrease Price,266.12
P0030,M010,CompA,237.73,287.96,2025-11-19,-50.22999999999999,-17.443394915960546,Decrease Price,273.56
P0030,M010,CompB,249.6,287.96,2025-11-19,-38.359999999999985,-13.321294624253364,Decrease Price,273.56
P0030,M010,CompC,311.15,287.96,2025-11-19,23.189999999999998,8.053201833587998,Increase Price,302.36
P0031,M005,CompA,302.98,288.75,2025-11-19,14.230000000000018,4.928138528138534,Keep Same,288.75
P0031,M005,CompB,271.78,288.75,2025-11-19,-16.970000000000027,-5.877056277056286,Decrease Price,274.31
P0031,M005,CompC,266.03,288.75,2025-11-19,-22.720000000000027,-7.868398268398277,Decrease Price,274.31
P0031,M003,CompA,249.88,329.69,2025-11-19,-79.81,-24.207588947192818,Decrease Price,313.21
P0031,M003,CompB,252.29,329.69,2025-11-19,-77.4,-23.476599229579303,Decrease Price,313.21
P0031,M003,CompC,314.0,329.69,2025-11-19,-15.689999999999998,-4.759016045375959,Keep Same,329.69
P0031,M008,CompA,320.52,251.47,2025-11-19,69.04999999999998,27.458543762675465,Increase Price,264.04
P0031,M008,CompB,251.83,251.47,2025-11-19,0.36000000000001364,0.14315822960989927,Keep Same,251.47
P0031,M008,CompC,313.85,251.47,2025-11-19,62.380000000000024,24.806139897403277,Increase Price,264.04
P0031,M002,CompA,277.32,239.23,2025-11-19,38.09,15.921916147640347,Increase Price,251.19
P0031,M002,CompB,268.21,239.23,2025-11-19,28.97999999999999,12.11386531789491,Increase Price,251.19
P0031,M002,CompC,358.77,239.23,2025-11-19,119.53999999999999,49.96864941687915,Increase Price,251.19
P0031,M011,CompA,312.85,302.46,2025-11-19,10.390000000000043,3.435164980493303,Keep Same,302.46
P0031,M011,CompB,249.43,302.46,2025-11-19,-53.02999999999997,-17.532896911988356,Decrease Price,287.34
P0031,M011,CompC,330.99,302.46,2025-11-19,28.53000000000003,9.432652251537403,Increase Price,317.58
P0031,M007,CompA,280.25,309.72,2025-11-19,-29.470000000000027,-9.515045847862593,Decrease Price,294.23
P0031,M007,CompB,257.24,309.72,2025-11-19,-52.48000000000002,-16.944336820353872,Decrease Price,294.23
P0031,M007,CompC,299.53,309.72,2025-11-19,-10.190000000000055,-3.2900684489216236,Keep Same,309.72
P0032,M004,CompA,364.7,455.53,2025-11-19,-90.82999999999998,-19.939411235264416,Decrease Price,432.75
P0032,M004,CompB,469.52,455.53,2025-11-19,13.990000000000009,3.0711478936623298,Keep Same,455.53
P0032,M004,CompC,433.06,455.53,2025-11-19,-22.46999999999997,-4.932715737712109,Keep Same,455.53
P0032,M003,CompA,467.95,443.99,2025-11-19,23.95999999999998,5.396517939593229,Increase Price,466.19
P0032,M003,CompB,366.5,443.99,2025-11-19,-77.49000000000001,-17.453095790445733,Decrease Price,421.79
P0032,M003,CompC,442.4,443.99,2025-11-19,-1.5900000000000318,-0.3581161737877051,Keep Same,443.99
P0032,M011,CompA,452.66,359.77,2025-11-19,92.89000000000004,25.81927342468801,Increase Price,377.76
P0032,M011,CompB,392.04,359.77,2025-11-19,32.27000000000004,8.969619479111666,Increase Price,377.76
P0032,M011,CompC,409.65,359.77,2025-11-19,49.879999999999995,13.86441337521194,Increase Price,377.76
P0032,M007,CompA,374.11,411.57,2025-11-19,-37.45999999999998,-9.101732390601837,Decrease Price,390.99
P0032,M007,CompB,398.84,411.57,2025-11-19,-12.730000000000018,-3.09303399178755,Keep Same,411.57
P0032,M007,CompC,354.85,411.57,2025-11-19,-56.71999999999997,-13.78137376387977,Decrease Price,390.99
P0032,M008,CompA,474.17,349.89,2025-11-19,124.28000000000003,35.519734773786055,Increase Price,367.38
P0032,M008,CompB,417.73,349.89,2025-11-19,67.84000000000003,19.3889508131127,Increase Price,367.38
P0032,M008,CompC,404.3,349.89,2025-11-19,54.410000000000025,15.55060161765127,Increase Price,367.38
P0032,M006,CompA,352.9,341.51,2025-11-19,11.389999999999986,3.335187842230092,Keep Same,341.51
P0032,M006,CompB,413.21,341.51,2025-11-19,71.69999999999999,20.994992825978738,Increase Price,358.59
P0032,M006,CompC,435.27,341.51,2025-11-19,93.75999999999999,27.454540130596467,Increase Price,358.59
P0033,M001,CompA,26.51,28.08,2025-11-19,-1.5699999999999967,-5.59116809116808,Decrease Price,26.68
P0033,M001,CompB,22.62,28.08,2025-11-19,-5.459999999999997,-19.444444444444436,Decrease Price,26.68
P0033,M001,CompC,26.3,28.08,2025-11-19,-1.7799999999999976,-6.339031339031331,Decrease Price,26.68
P0033,M004,CompA,27.52,21.49,2025-11-19,6.030000000000001,28.059562587249893,Increase Price,22.56
P0033,M004,CompB,29.79,21.49,2025-11-19,8.3,38.62261516984645,Increase Price,22.56
P0033,M004,CompC,30.49,21.49,2025-11-19,9.0,41.87994416007446,Increase Price,22.56
P0033,M005,CompA,27.99,27.99,2025-11-19,0.0,0.0,Keep Same,27.99
P0033,M005,CompB,26.7,27.99,2025-11-19,-1.2899999999999991,-4.608788853161841,Keep Same,27.99
P0033,M005,CompC,25.17,27.99,2025-11-19,-2.8199999999999967,-10.07502679528402,Decrease Price,26.59
P0033,M003,CompA,26.78,20.61,2025-11-19,6.170000000000002,29.936923823386714,Increase Price,21.64
P0033,M003,CompB,23.75,20.61,2025-11-19,3.1400000000000006,15.235322658903447,Increase Price,21.64
P0033,M003,CompC,29.53,20.61,2025-11-19,8.920000000000002,43.279961183891324,Increase Price,21.64
P0033,M009,CompA,25.28,28.14,2025-11-19,-2.8599999999999994,-10.163468372423594,Decrease Price,26.73
P0033,M009,CompB,27.38,28.14,2025-11-19,-0.7600000000000016,-2.700781805259423,Keep Same,28.14
P0033,M009,CompC,28.92,28.14,2025-11-19,0.7800000000000011,2.771855010660985,Keep Same,28.14
P0033,M008,CompA,28.47,27.86,2025-11-19,0.6099999999999994,2.189519023689876,Keep Same,27.86
P0033,M008,CompB,22.42,27.86,2025-11-19,-5.439999999999998,-19.526202440775297,Decrease Price,26.47
P0033,M008,CompC,22.79,27.86,2025-11-19,-5.07,-18.19813352476669,Decrease Price,26.47
P0034,M005,CompA,234.06,175.11,2025-11-19,58.94999999999999,33.66455370909713,Increase Price,183.87
P0034,M005,CompB,188.89,175.11,2025-11-19,13.779999999999973,7.869339272457296,Increase Price,183.87
P0034,M005,CompC,235.45,175.11,2025-11-19,60.339999999999975,34.45834047170349,Increase Price,183.87
P0034,M002,CompA,181.5,188.92,2025-11-19,-7.4199999999999875,-3.9275883972051595,Keep Same,188.92
P0034,M002,CompB,222.3,188.92,2025-11-19,33.380000000000024,17.668854541604926,Increase Price,198.37
P0034,M002,CompC,228.6,188.92,2025-11-19,39.68000000000001,21.00359940715647,Increase Price,198.37
P0034,M004,CompA,175.92,202.21,2025-11-19,-26.29000000000002,-13.001335245536827,Decrease Price,192.1
P0034,M004,CompB,167.24,202.21,2025-11-19,-34.97,-17.293902378715195,Decrease Price,192.1
P0034,M004,CompC,218.02,202.21,2025-11-19,15.810000000000002,7.818604421146334,Increase Price,212.32
P0034,M010,CompA,191.45,210.82,2025-11-19,-19.370000000000005,-9.187932833696994,Decrease Price,200.28
P0034,M010,CompB,195.09,210.82,2025-11-19,-15.72999999999999,-7.46134142870695,Decrease Price,200.28
P0034,M010,CompC,178.82,210.82,2025-11-19,-32.0,-15.17882553837397,Decrease Price,200.28
P0034,M012,CompA,186.57,207.98,2025-11-19,-21.409999999999997,-10.294259063371477,Decrease Price,197.58
P0034,M012,CompB,233.74,207.98,2025-11-19,25.76000000000002,12.385806327531505,Increase Price,218.38
P0034,M012,CompC,199.9,207.98,2025-11-19,-8.079999999999984,-3.8849889412443432,Keep Same,207.98
P0034,M011,CompA,188.29,185.55,2025-11-19,2.7399999999999807,1.4766909188897765,Keep Same,185.55
P0034,M011,CompB,220.06,185.55,2025-11-19,34.50999999999999,18.598760441929393,Increase Price,194.83
P0034,M011,CompC,225.89,185.55,2025-11-19,40.339999999999975,21.740770681756924,Increase Price,194.83
P0035,M005,CompA,178.52,190.59,2025-11-19,-12.069999999999993,-6.3329660527834575,Decrease Price,181.06
P0035,M005,CompB,170.83,190.59,2025-11-19,-19.75999999999999,-10.367805236371264,Decrease Price,181.06
P0035,M005,CompC,183.48,190.59,2025-11-19,-7.110000000000014,-3.7305210136943248,Keep Same,190.59
P0035,M001,CompA,166.48,154.3,2025-11-19,12.179999999999978,7.893713545042111,Increase Price,162.02
P0035,M001,CompB,169.06,154.3,2025-11-19,14.759999999999991,9.565780946208678,Increase Price,162.02
P0035,M001,CompC,193.79,154.3,2025-11-19,39.48999999999998,25.593000648088125,Increase Price,162.02
P0035,M003,CompA,204.02,187.3,2025-11-19,16.72,8.926855312333155,Increase Price,196.67
P0035,M003,CompB,190.62,187.3,2025-11-19,3.319999999999993,1.7725573945541875,Keep Same,187.3
P0035,M003,CompC,196.68,187.3,2025-11-19,9.379999999999995,5.008008542445272,Increase Price,196.67
P0035,M012,CompA,193.36,167.5,2025-11-19,25.860000000000014,15.43880597014926,Increase Price,175.88
P0035,M012,CompB,156.56,167.5,2025-11-19,-10.939999999999998,-6.531343283582087,Decrease Price,159.12
P0035,M012,CompC,160.17,167.5,2025-11-19,-7.3300000000000125,-4.376119402985082,Keep Same,167.5
P0035,M007,CompA,168.66,164.35,2025-11-19,4.310000000000002,2.622452083967145,Keep Same,164.35
P0035,M007,CompB,183.18,164.35,2025-11-19,18.830000000000013,11.457255856404023,Increase Price,172.57
P0035,M007,CompC,193.21,164.35,2025-11-19,28.860000000000014,17.560085184058423,Increase Price,172.57
P0035,M006,CompA,156.49,185.32,2025-11-19,-28.829999999999984,-15.556874595294618,Decrease Price,176.05
P0035,M006,CompB,211.52,185.32,2025-11-19,26.200000000000017,14.137707748758913,Increase Price,194.59
P0035,M006,CompC,145.85,185.32,2025-11-19,-39.47,-21.298294841355496,Decrease Price,176.05
P0036,M005,CompA,55.55,39.06,2025-11-19,16.489999999999995,42.217101894521235,Increase Price,41.01
P0036,M005,CompB,46.62,39.06,2025-11-19,7.559999999999995,19.354838709677406,Increase Price,41.01
P0036,M005,CompC,39.86,39.06,2025-11-19,0.7999999999999972,2.0481310803891377,Keep Same,39.06
P0036,M001,CompA,40.15,40.45,2025-11-19,-0.30000000000000426,-0.7416563658838177,Keep Same,40.45
P0036,M001,CompB,39.38,40.45,2025-11-19,-1.0700000000000003,-2.645241038318913,Keep Same,40.45
P0036,M001,CompC,45.69,40.45,2025-11-19,5.239999999999995,12.954264524103817,Increase Price,42.47
P0036,M009,CompA,49.87,54.34,2025-11-19,-4.470000000000006,-8.225984541774025,Decrease Price,51.62
P0036,M009,CompB,48.18,54.34,2025-11-19,-6.160000000000004,-11.336032388663973,Decrease Price,51.62
P0036,M009,CompC,51.65,54.34,2025-11-19,-2.690000000000005,-4.950312845049696,Keep Same,54.34
P0036,M003,CompA,55.91,47.29,2025-11-19,8.619999999999997,18.22795517022626,Increase Price,49.65
P0036,M003,CompB,53.63,47.29,2025-11-19,6.340000000000003,13.406639881581736,Increase Price,49.65
P0036,M003,CompC,50.35,47.29,2025-11-19,3.0600000000000023,6.4707126242334585,Increase Price,49.65
P0036,M012,CompA,42.36,44.41,2025-11-19,-2.049999999999997,-4.616077460031518,Keep Same,44.41
P0036,M012,CompB,50.65,44.41,2025-11-19,6.240000000000002,14.050889439315476,Increase Price,46.63
P0036,M012,CompC,53.33,44.41,2025-11-19,8.920000000000002,20.08556631389327,Increase Price,46.63
P0036,M008,CompA,39.3,41.62,2025-11-19,-2.3200000000000003,-5.574243152330611,Decrease Price,39.54
P0036,M008,CompB,49.61,41.62,2025-11-19,7.990000000000002,19.197501201345514,Increase Price,43.7
P0036,M008,CompC,48.08,41.62,2025-11-19,6.460000000000001,15.52138395002403,Increase Price,43.7
P0037,M011,CompA,86.74,87.08,2025-11-19,-0.3400000000000034,-0.3904455672944458,Keep Same,87.08
P0037,M011,CompB,94.9,87.08,2025-11-19,7.820000000000007,8.980248047772173,Increase Price,91.43
P0037,M011,CompC,85.31,87.08,2025-11-19,-1.769999999999996,-2.032613688562237,Keep Same,87.08
P0037,M003,CompA,125.31,86.6,2025-11-19,38.71000000000001,44.69976905311779,Increase Price,90.93
P0037,M003,CompB,116.59,86.6,2025-11-19,29.99000000000001,34.63048498845267,Increase Price,90.93
P0037,M003,CompC,99.47,86.6,2025-11-19,12.870000000000005,14.861431870669753,Increase Price,90.93
P0037,M012,CompA,108.82,96.14,2025-11-19,12.679999999999993,13.189099230289154,Increase Price,100.95
P0037,M012,CompB,106.08,96.14,2025-11-19,9.939999999999998,10.339088828791343,Increase Price,100.95
P0037,M012,CompC,114.88,96.14,2025-11-19,18.739999999999995,19.492406906594546,Increase Price,100.95
P0037,M001,CompA,88.92,83.03,2025-11-19,5.890000000000001,7.0938215102974835,Increase Price,87.18
P0037,M001,CompB,96.72,83.03,2025-11-19,13.689999999999998,16.48801637962182,Increase Price,87.18
P0037,M001,CompC,118.6,83.03,2025-11-19,35.56999999999999,42.8399373720342,Increase Price,87.18
P0037,M005,CompA,99.27,117.01,2025-11-19,-17.74000000000001,-15.161097342107519,Decrease Price,111.16
P0037,M005,CompB,123.96,117.01,2025-11-19,6.949999999999989,5.939663276643012,Increase Price,122.86
P0037,M005,CompC,96.4,117.01,2025-11-19,-20.61,-17.613879155627725,Decrease Price,111.16
P0037,M008,CompA,93.11,104.62,2025-11-19,-11.510000000000005,-11.001720512330342,Decrease Price,99.39
P0037,M008,CompB,122.62,104.62,2025-11-19,18.0,17.205123303383672,Increase Price,109.85
P0037,M008,CompC,108.37,104.62,2025-11-19,3.75,3.584400688204932,Keep Same,104.62
P0038,M001,CompA,99.82,107.68,2025-11-19,-7.860000000000014,-7.299405646359595,Decrease Price,102.3
P0038,M001,CompB,98.29,107.68,2025-11-19,-9.39,-8.720282317979198,Decrease Price,102.3
P0038,M001,CompC,108.22,107.68,2025-11-19,0.539999999999992,0.5014858841010327,Keep Same,107.68
P0038,M006,CompA,130.97,131.83,2025-11-19,-0.8600000000000136,-0.6523553060760172,Keep Same,131.83
P0038,M006,CompB,137.85,131.83,2025-11-19,6.019999999999982,4.566487142532035,Keep Same,131.83
P0038,M006,CompC,134.25,131.83,2025-11-19,2.4199999999999875,1.8356974891906148,Keep Same,131.83
P0038,M002,CompA,120.77,125.84,2025-11-19,-5.070000000000007,-4.028925619834717,Keep Same,125.84
P0038,M002,CompB,126.11,125.84,2025-11-19,0.269999999999996,0.2145581691036205,Keep Same,125.84
P0038,M002,CompC,138.27,125.84,2025-11-19,12.430000000000007,9.877622377622384,Increase Price,132.13
P0038,M009,CompA,129.5,114.66,2025-11-19,14.840000000000003,12.942612942612946,Increase Price,120.39
P0038,M009,CompB,128.94,114.66,2025-11-19,14.280000000000001,12.454212454212456,Increase Price,120.39
P0038,M009,CompC,138.05,114.66,2025-11-19,23.390000000000015,20.39944182801327,Increase Price,120.39
P0038,M011,CompA,115.66,109.99,2025-11-19,5.670000000000002,5.155014092190201,Increase Price,115.49
P0038,M011,CompB,121.31,109.99,2025-11-19,11.320000000000007,10.291844713155749,Increase Price,115.49
P0038,M011,CompC,96.28,109.99,2025-11-19,-13.709999999999994,-12.464769524502223,Decrease Price,104.49
P0038,M012,CompA,98.08,94.66,2025-11-19,3.4200000000000017,3.6129304880625415,Keep Same,94.66
P0038,M012,CompB,123.4,94.66,2025-11-19,28.74000000000001,30.361293048806264,Increase Price,99.39
P0038,M012,CompC,139.53,94.66,2025-11-19,44.870000000000005,47.40122543841116,Increase Price,99.39
P0039,M009,CompA,267.5,244.4,2025-11-19,23.099999999999994,9.451718494271683,Increase Price,256.62
P0039,M009,CompB,337.62,244.4,2025-11-19,93.22,38.142389525368245,Increase Price,256.62
P0039,M009,CompC,289.51,244.4,2025-11-19,45.109999999999985,18.457446808510632,Increase Price,256.62
P0039,M007,CompA,324.11,220.27,2025-11-19,103.84,47.14214373269169,Increase Price,231.28
P0039,M007,CompB,260.11,220.27,2025-11-19,39.84,18.08689335815136,Increase Price,231.28
P0039,M007,CompC,243.09,220.27,2025-11-19,22.819999999999993,10.360012711672036,Increase Price,231.28
P0039,M012,CompA,322.89,293.04,2025-11-19,29.849999999999966,10.186322686322674,Increase Price,307.69
P0039,M012,CompB,241.23,293.04,2025-11-19,-51.81000000000003,-17.680180180180187,Decrease Price,278.39
P0039,M012,CompC,334.98,293.04,2025-11-19,41.94,14.31203931203931,Increase Price,307.69
P0039,M004,CompA,271.65,271.43,2025-11-19,0.21999999999997044,0.0810522049883839,Keep Same,271.43
P0039,M004,CompB,330.92,271.43,2025-11-19,59.49000000000001,21.917253067089124,Increase Price,285.0
P0039,M004,CompC,262.39,271.43,2025-11-19,-9.04000000000002,-3.3305087867958667,Keep Same,271.43
P0039,M010,CompA,307.77,323.0,2025-11-19,-15.230000000000018,-4.7151702786377765,Keep Same,323.0
P0039,M010,CompB,332.63,323.0,2025-11-19,9.629999999999995,2.9814241486068096,Keep Same,323.0
P0039,M010,CompC,287.59,323.0,2025-11-19,-35.410000000000025,-10.96284829721363,Decrease Price,306.85
P0039,M011,CompA,313.5,241.08,2025-11-19,72.41999999999999,30.03982080637132,Increase Price,253.13
P0039,M011,CompB,328.55,241.08,2025-11-19,87.47,36.28256180520989,Increase Price,253.13
P0039,M011,CompC,255.56,241.08,2025-11-19,14.47999999999999,6.006304961008789,Increase Price,253.13
P0040,M008,CompA,97.76,80.16,2025-11-19,17.60000000000001,21.956087824351307,Increase Price,84.17
P0040,M008,CompB,81.28,80.16,2025-11-19,1.1200000000000045,1.397205588822361,Keep Same,80.16
P0040,M008,CompC,79.52,80.16,2025-11-19,-0.6400000000000006,-0.7984031936127752,Keep Same,80.16
P0040,M009,CompA,99.8,104.05,2025-11-19,-4.25,-4.084574723690534,Keep Same,104.05
P0040,M009,CompB,99.36,104.05,2025-11-19,-4.689999999999998,-4.507448342143198,Keep Same,104.05
P0040,M009,CompC,97.59,104.05,2025-11-19,-6.459999999999994,-6.208553580009605,Decrease Price,98.85
P0040,M002,CompA,95.01,98.5,2025-11-19,-3.489999999999995,-3.5431472081218227,Keep Same,98.5
P0040,M002,CompB,77.22,98.5,2025-11-19,-21.28,-21.604060913705585,Decrease Price,93.57
P0040,M002,CompC,92.9,98.5,2025-11-19,-5.599999999999994,-5.685279187817254,Decrease Price,93.57
P0040,M012,CompA,93.26,93.38,2025-11-19,-0.11999999999999034,-0.12850717498392625,Keep Same,93.38
P0040,M012,CompB,110.83,93.38,2025-11-19,17.450000000000003,18.68708502891412,Increase Price,98.05
P0040,M012,CompC,107.68,93.38,2025-11-19,14.300000000000011,15.313771685585792,Increase Price,98.05
P0040,M005,CompA,93.21,102.22,2025-11-19,-9.010000000000005,-8.814322050479364,Decrease Price,97.11
P0040,M005,CompB,110.79,102.22,2025-11-19,8.570000000000007,8.383877910389364,Increase Price,107.33
P0040,M005,CompC,108.36,102.22,2025-11-19,6.140000000000001,6.006652318528665,Increase Price,107.33
P0040,M011,CompA,83.63,81.25,2025-11-19,2.3799999999999955,2.9292307692307635,Keep Same,81.25
P0040,M011,CompB,96.27,81.25,2025-11-19,15.019999999999996,18.48615384615384,Increase Price,85.31
P0040,M011,CompC,77.65,81.25,2025-11-19,-3.5999999999999943,-4.430769230769224,Keep Same,81.25
P0041,M003,CompA,343.05,318.93,2025-11-19,24.120000000000005,7.562788072617817,Increase Price,334.88
P0041,M003,CompB,338.12,318.93,2025-11-19,19.189999999999998,6.016994324773461,Increase Price,334.88
P0041,M003,CompC,324.13,318.93,2025-11-19,5.199999999999989,1.6304518232841025,Keep Same,318.93
P0041,M001,CompA,295.96,345.7,2025-11-19,-49.74000000000001,-14.38819785941568,Decrease Price,328.41
P0041,M001,CompB,399.13,345.7,2025-11-19,53.43000000000001,15.455597338733007,Increase Price,362.99
P0041,M001,CompC,363.32,345.7,2025-11-19,17.620000000000005,5.096904830778133,Increase Price,362.99
P0041,M002,CompA,362.16,316.58,2025-11-19,45.58000000000004,14.397624613052006,Increase Price,332.41
P0041,M002,CompB,274.98,316.58,2025-11-19,-41.599999999999966,-13.140438435782414,Decrease Price,300.75
P0041,M002,CompC,300.58,316.58,2025-11-19,-16.0,-5.0540147829932405,Decrease Price,300.75
P0041,M010,CompA,315.34,332.14,2025-11-19,-16.80000000000001,-5.0581080267357175,Decrease Price,315.53
P0041,M010,CompB,352.32,332.14,2025-11-19,20.180000000000007,6.075751189257544,Increase Price,348.75
P0041,M010,CompC,306.88,332.14,2025-11-19,-25.25999999999999,-7.605226711627624,Decrease Price,315.53
P0041,M007,CompA,303.98,327.97,2025-11-19,-23.99000000000001,-7.314693417080832,Decrease Price,311.57
P0041,M007,CompB,334.12,327.97,2025-11-19,6.149999999999977,1.8751715095892847,Keep Same,327.97
P0041,M007,CompC,352.36,327.97,2025-11-19,24.389999999999986,7.43665579168826,Increase Price,344.37
P0041,M006,CompA,337.65,304.47,2025-11-19,33.17999999999995,10.897625381810998,Increase Price,319.69
P0041,M006,CompB,300.56,304.47,2025-11-19,-3.910000000000025,-1.2841987716359657,Keep Same,304.47
P0041,M006,CompC,363.64,304.47,2025-11-19,59.16999999999996,19.433770157979424,Increase Price,319.69
P0042,M012,CompA,149.28,177.2,2025-11-19,-27.919999999999987,-15.756207674943559,Decrease Price,168.34
P0042,M012,CompB,143.09,177.2,2025-11-19,-34.109999999999985,-19.249435665914213,Decrease Price,168.34
P0042,M012,CompC,140.06,177.2,2025-11-19,-37.139999999999986,-20.95936794582392,Decrease Price,168.34
P0042,M001,CompA,146.11,159.91,2025-11-19,-13.799999999999983,-8.629854293039825,Decrease Price,151.91
P0042,M001,CompB,138.12,159.91,2025-11-19,-21.789999999999992,-13.62641485835782,Decrease Price,151.91
P0042,M001,CompC,148.68,159.91,2025-11-19,-11.22999999999999,-7.022700268901251,Decrease Price,151.91
P0042,M011,CompA,158.75,138.8,2025-11-19,19.94999999999999,14.37319884726224,Increase Price,145.74
P0042,M011,CompB,155.57,138.8,2025-11-19,16.769999999999982,12.082132564841483,Increase Price,145.74
P0042,M011,CompC,140.97,138.8,2025-11-19,2.1699999999999875,1.563400576368867,Keep Same,138.8
P0042,M007,CompA,141.2,183.7,2025-11-19,-42.5,-23.135547087642898,Decrease Price,174.51
P0042,M007,CompB,181.94,183.7,2025-11-19,-1.759999999999991,-0.9580838323353245,Keep Same,183.7
P0042,M007,CompC,142.88,183.7,2025-11-19,-40.81999999999999,-22.221012520413716,Decrease Price,174.51
P0042,M006,CompA,193.72,155.18,2025-11-19,38.53999999999999,24.835674700347976,Increase Price,162.94
P0042,M006,CompB,184.65,155.18,2025-11-19,29.47,18.99084933625467,Increase Price,162.94
P0042,M006,CompC,164.02,155.18,2025-11-19,8.840000000000003,5.696610387936592,Increase Price,162.94
P0042,M008,CompA,180.67,168.89,2025-11-19,11.780000000000001,6.974954112144001,Increase Price,177.33
P0042,M008,CompB,150.55,168.89,2025-11-19,-18.339999999999975,-10.859139084611272,Decrease Price,160.45
P0042,M008,CompC,166.82,168.89,2025-11-19,-2.069999999999993,-1.2256498312511064,Keep Same,168.89
P0043,M007,CompA,260.67,222.05,2025-11-19,38.620000000000005,17.392479171357802,Increase Price,233.15
P0043,M007,CompB,202.3,222.05,2025-11-19,-19.75,-8.894393154694887,Decrease Price,210.95
P0043,M007,CompC,272.09,222.05,2025-11-19,50.039999999999964,22.53546498536364,Increase Price,233.15
P0043,M009,CompA,255.06,229.29,2025-11-19,25.77000000000001,11.239042260892324,Increase Price,240.75
P0043,M009,CompB,238.39,229.29,2025-11-19,9.099999999999994,3.968773169348857,Keep Same,229.29
P0043,M009,CompC,227.72,229.29,2025-11-19,-1.5699999999999932,-0.6847224039426025,Keep Same,229.29
P0043,M001,CompA,248.62,218.59,2025-11-19,30.03,13.738048401116245,Increase Price,229.52
P0043,M001,CompB,283.01,218.59,2025-11-19,64.41999999999999,29.470698568095514,Increase Price,229.52
P0043,M001,CompC,220.6,218.59,2025-11-19,2.009999999999991,0.9195297131616227,Keep Same,218.59
P0043,M002,CompA,207.97,187.0,2025-11-19,20.97,11.213903743315507,Increase Price,196.35
P0043,M002,CompB,277.05,187.0,2025-11-19,90.05000000000001,48.15508021390375,Increase Price,196.35
P0043,M002,CompC,285.91,187.0,2025-11-19,98.91000000000003,52.89304812834226,Increase Price,196.35
P0043,M008,CompA,250.06,203.59,2025-11-19,46.47,22.825286114249224,Increase Price,213.77
P0043,M008,CompB,256.84,203.59,2025-11-19,53.24999999999997,26.155508620266204,Increase Price,213.77
P0043,M008,CompC,212.9,203.59,2025-11-19,9.310000000000002,4.572916155017438,Keep Same,203.59
P0043,M012,CompA,229.62,257.41,2025-11-19,-27.79000000000002,-10.796006371158859,Decrease Price,244.54
P0043,M012,CompB,259.07,257.41,2025-11-19,1.6599999999999682,0.6448855910803653,Keep Same,257.41
P0043,M012,CompC,241.88,257.41,2025-11-19,-15.53000000000003,-6.033176644264025,Decrease Price,244.54
P0044,M012,CompA,297.97,343.58,2025-11-19,-45.60999999999996,-13.274928692007673,Decrease Price,326.4
P0044,M012,CompB,286.73,343.58,2025-11-19,-56.849999999999966,-16.546364747657012,Decrease Price,326.4
P0044,M012,CompC,327.77,343.58,2025-11-19,-15.810000000000002,-4.601548402118867,Keep Same,343.58
P0044,M011,CompA,272.59,255.02,2025-11-19,17.569999999999965,6.889655713277376,Increase Price,267.77
P0044,M011,CompB,348.7,255.02,2025-11-19,93.67999999999998,36.734373774605906,Increase Price,267.77
P0044,M011,CompC,292.78,255.02,2025-11-19,37.75999999999996,14.806681828876151,Increase Price,267.77
P0044,M005,CompA,320.63,312.86,2025-11-19,7.769999999999982,2.483538963114486,Keep Same,312.86
P0044,M005,CompB,353.6,312.86,2025-11-19,40.74000000000001,13.021798887681394,Increase Price,328.5
P0044,M005,CompC,261.15,312.86,2025-11-19,-51.710000000000036,-16.528159560186676,Decrease Price,297.22
P0044,M007,CompA,279.8,257.06,2025-11-19,22.74000000000001,8.846183770325998,Increase Price,269.91
P0044,M007,CompB,290.34,257.06,2025-11-19,33.27999999999997,12.946393838014462,Increase Price,269.91
P0044,M007,CompC,287.3,257.06,2025-11-19,30.24000000000001,11.763790554734307,Increase Price,269.91
P0044,M009,CompA,329.31,269.6,2025-11-19,59.70999999999998,22.147626112759635,Increase Price,283.08
P0044,M009,CompB,284.91,269.6,2025-11-19,15.310000000000002,5.678783382789318,Increase Price,283.08
P0044,M009,CompC,305.56,269.6,2025-11-19,35.95999999999998,13.338278931750732,Increase Price,283.08
P0044,M002,CompA,295.84,340.39,2025-11-19,-44.55000000000001,-13.087928552542675,Decrease Price,323.37
P0044,M002,CompB,322.45,340.39,2025-11-19,-17.939999999999998,-5.270425100619876,Decrease Price,323.37
P0044,M002,CompC,367.46,340.39,2025-11-19,27.069999999999993,7.952642557066893,Increase Price,357.41
P0045,M008,CompA,147.33,149.78,2025-11-19,-2.4499999999999886,-1.635732407531038,Keep Same,149.78
P0045,M008,CompB,195.65,149.78,2025-11-19,45.870000000000005,30.624916544264924,Increase Price,157.27
P0045,M008,CompC,191.15,149.78,2025-11-19,41.370000000000005,27.6205100814528,Increase Price,157.27
P0045,M002,CompA,193.8,201.67,2025-11-19,-7.869999999999976,-3.9024148361183992,Keep Same,201.67
P0045,M002,CompB,151.23,201.67,2025-11-19,-50.44,-25.011156840382803,Decrease Price,191.59
P0045,M002,CompC,157.19,201.67,2025-11-19,-44.47999999999999,-22.055833787871272,Decrease Price,191.59
P0045,M003,CompA,150.12,144.23,2025-11-19,5.890000000000015,4.083755113360615,Keep Same,144.23
P0045,M003,CompB,206.01,144.23,2025-11-19,61.78,42.83436178326285,Increase Price,151.44
P0045,M003,CompC,183.35,144.23,2025-11-19,39.120000000000005,27.123344657838178,Increase Price,151.44
P0045,M012,CompA,172.97,138.98,2025-11-19,33.99000000000001,24.456756367822717,Increase Price,145.93
P0045,M012,CompB,198.21,138.98,2025-11-19,59.23000000000002,42.61764282630595,Increase Price,145.93
P0045,M012,CompC,151.45,138.98,2025-11-19,12.469999999999999,8.972514030795796,Increase Price,145.93
P0045,M004,CompA,156.39,155.17,2025-11-19,1.2199999999999989,0.7862344525359277,Keep Same,155.17
P0045,M004,CompB,190.65,155.17,2025-11-19,35.48000000000002,22.86524457047111,Increase Price,162.93
P0045,M004,CompC,206.47,155.17,2025-11-19,51.30000000000001,33.0605142746665,Increase Price,162.93
P0045,M009,CompA,162.71,158.39,2025-11-19,4.320000000000022,2.727444914451684,Keep Same,158.39
P0045,M009,CompB,165.23,158.39,2025-11-19,6.840000000000003,4.3184544478818125,Keep Same,158.39
P0045,M009,CompC,188.71,158.39,2025-11-19,30.32000000000002,19.142622640318216,Increase Price,166.31
